sample_index,time_wall_sec,source,frame_id,child_frame_id,x,y,z,roll,pitch,yaw
0,1778587855.4392207,/tf map->base_footprint,map,base_footprint,5.306680968466664,2.118071066576008,0.008730992005876856,-0.00022877976635663627,0.003364717566322173,-2.221149346084893
1,1778587855.6391258,/tf map->base_footprint,map,base_footprint,5.306680816436587,2.118070861759568,0.008726367206225343,-0.00022885166293048256,0.003388479057569064,-2.221149472162427
2,1778587855.8389637,/tf map->base_footprint,map,base_footprint,5.306680883590253,2.1180709505316155,0.008729360715389545,-0.00022893321762858932,0.003375827704243924,-2.2211495744843996
3,1778587856.0388536,/tf map->base_footprint,map,base_footprint,5.3066808767111855,2.118070940363785,0.008725122583124417,-0.0002289801260868495,0.003375005195503622,-2.2211493717091897
4,1778587856.238952,/tf map->base_footprint,map,base_footprint,5.306680834433296,2.1180708732185853,0.008724853192478066,-0.00022899869361656103,0.0033798996208780903,-2.221149333272374
5,1778587856.4391005,/tf map->base_footprint,map,base_footprint,5.306680833837567,2.118070886588493,0.008729704531086055,-0.00022903186857022874,0.003377592883443395,-2.2211493049338924
6,1778587856.6389837,/tf map->base_footprint,map,base_footprint,5.306680788941996,2.1180708135623396,0.008723241167767879,-0.00022903840996531014,0.003382150211471227,-2.2211492873878886
7,1778587856.8389275,/tf map->base_footprint,map,base_footprint,5.306680808334024,2.118070843447592,0.008730186013551924,-0.00022910557085001503,0.0033777174511652602,-2.2211493196953835
8,1778587857.039475,/tf map->base_footprint,map,base_footprint,5.306680797352536,2.1180708264155594,0.008730093648580257,-0.0002291579655797408,0.003377640140881924,-2.221149357375882
9,1778587857.2388575,/tf map->base_footprint,map,base_footprint,5.306680761308368,2.1180707846214735,0.008725178618878253,-0.00022921970049759124,0.003379833900066742,-2.2211492232856744
10,1778587857.4391508,/tf map->base_footprint,map,base_footprint,5.306680777645817,2.118070791248625,0.008729562189861097,-0.00022934743124349054,0.003377795217650524,-2.2211491845048745
11,1778587857.6397886,/tf map->base_footprint,map,base_footprint,5.306680759121813,2.1180707870086986,0.008729528930374054,-0.00022945450042394323,0.0033774223415647146,-2.2211491695529304
12,1778587857.8388643,/tf map->base_footprint,map,base_footprint,5.306680712048013,2.118070708623569,0.008722295063712786,-0.00022946619811272794,0.003383452323565963,-2.221149152136653
13,1778587858.038927,/tf map->base_footprint,map,base_footprint,5.306680735820197,2.118070751540635,0.008724899841693839,-0.00022943186509337643,0.0033781740463991973,-2.2211491836950277
14,1778587858.2389035,/tf map->base_footprint,map,base_footprint,5.306680732888659,2.118070748271547,0.008724578657974073,-0.0002294141061716381,0.0033765456426201952,-2.221149085801176
15,1778587858.4393914,/tf map->base_footprint,map,base_footprint,5.306680715540193,2.118070717550098,0.00872870040451347,-0.00022942294684733937,0.0033762593217746615,-2.2211491602644915
16,1778587858.6388311,/tf map->base_footprint,map,base_footprint,5.306680688974346,2.1180706766018353,0.00872914110184278,-0.00022947364662286347,0.003380025716871472,-2.221149067310785
17,1778587858.8390825,/tf map->base_footprint,map,base_footprint,5.306680690561405,2.1180706686985937,0.008725547191520772,-0.000229514391586194,0.0033769533067271795,-2.2211489938242965
18,1778587859.0391033,/tf map->base_footprint,map,base_footprint,5.306680654914213,2.118070633824331,0.008723983550514984,-0.00022956802316675552,0.0033795973443007375,-2.2211489725151417
19,1778587859.2390244,/tf map->base_footprint,map,base_footprint,5.306680649339419,2.1180706254187136,0.008725488029654956,-0.00022962527263886131,0.0033792906531441534,-2.221149036101091
20,1778587859.439073,/tf map->base_footprint,map,base_footprint,5.306680639597193,2.1180705978884724,0.008722742092301243,-0.00022966629636958873,0.0033788657355395277,-2.2211488781922193
21,1778587859.639039,/tf map->base_footprint,map,base_footprint,5.306680622517807,2.118070583423133,0.008722761921820003,-0.00022962298095973344,0.0033805580657940808,-2.2211490341171274
22,1778587859.8390687,/tf map->base_footprint,map,base_footprint,5.3066806263353135,2.1180705882460575,0.008729823681788377,-0.00022953730698005824,0.003378326012740552,-2.2211489005209635
23,1778587860.039217,/tf map->base_footprint,map,base_footprint,5.306680612171523,2.1180705669820252,0.0087261509643791,-0.00022951510549744643,0.0033773230551365366,-2.221148893457385
24,1778587860.238837,/tf map->base_footprint,map,base_footprint,5.306680595140664,2.1180705536387188,0.008726042807579742,-0.00022958459435490117,0.003378417437139925,-2.2211488744141135
25,1778587860.4393904,/tf map->base_footprint,map,base_footprint,5.306680590771115,2.118070538242476,0.008727716058443954,-0.0002296407562845045,0.0033769863876075322,-2.221148722779188
26,1778587860.6390483,/tf map->base_footprint,map,base_footprint,5.306680568535928,2.1180705097254102,0.008729528142942826,-0.0002296249547453634,0.0033791859959378468,-2.221148720941192
27,1778587860.8391447,/tf map->base_footprint,map,base_footprint,5.306680570772654,2.118070518332987,0.00872504601114515,-0.0002295774210902,0.003376450940603013,-2.2211487190107992
28,1778587861.0396078,/tf map->base_footprint,map,base_footprint,5.30668053961107,2.1180704428926114,0.008729161422587972,-0.00022955514229876126,0.0033812260977200063,-2.221148625475698
29,1778587861.2390172,/tf map->base_footprint,map,base_footprint,5.306680525569679,2.1180704614416572,0.00872972937350602,-0.00022952636417133344,0.0033768649603273886,-2.2211486459886243
30,1778587861.4395158,/tf map->base_footprint,map,base_footprint,5.306680536918749,2.118070431579029,0.008727759059476184,-0.0002294567199735572,0.0033781203525056827,-2.2211486158089366
31,1778587861.6389997,/tf map->base_footprint,map,base_footprint,5.306680472376396,2.118070377979591,0.008727274925931262,-0.00022943181518558656,0.003384118061995128,-2.2211486989659877
32,1778587861.8393655,/tf map->base_footprint,map,base_footprint,5.306680503220716,2.1180704218020874,0.008726575670551573,-0.0002293821693928358,0.0033766748443794683,-2.2211486587480693
33,1778587862.0388978,/tf map->base_footprint,map,base_footprint,5.306680476854468,2.1180703894171398,0.008725548093840923,-0.00022936587746605545,0.003379634321548827,-2.221148633984593
34,1778587862.2388964,/tf map->base_footprint,map,base_footprint,5.306680466609022,2.1180703772891123,0.0087232434235118,-0.00022943117660554653,0.0033782572155087137,-2.22114848814076
35,1778587862.4390526,/tf map->base_footprint,map,base_footprint,5.306680454657674,2.1180703570596933,0.008722943484254463,-0.00022946149312478306,0.003377614168262359,-2.2211484258303194
36,1778587862.638954,/tf map->base_footprint,map,base_footprint,5.3066804096109035,2.118070294521923,0.008728825428884304,-0.0002294277814415083,0.00338435635165993,-2.2211482407015217
37,1778587862.8407116,/tf map->base_footprint,map,base_footprint,5.306680441356066,2.118070327821799,0.00872813454403064,-0.00022939323885167628,0.0033765212586491715,-2.22114829230455
38,1778587863.038943,/tf map->base_footprint,map,base_footprint,5.306680418091238,2.118070284547985,0.008724662766906637,-0.00022937692495305192,0.003380415266333996,-2.221148406838972
39,1778587863.2389398,/tf map->base_footprint,map,base_footprint,5.306680407064311,2.1180702902999977,0.008729335089445945,-0.00022940625234559305,0.003378904032849231,-2.2211482296447684
40,1778587863.438999,/tf map->base_footprint,map,base_footprint,5.306680402652589,2.118070280667791,0.008726049469524657,-0.00022937276044080756,0.0033774765105640957,-2.2211483459526873
41,1778587863.6389544,/tf map->base_footprint,map,base_footprint,5.306680362369887,2.118070236426617,0.008727281036462586,-0.00022937283229646402,0.0033825150974413688,-2.221148215855063
42,1778587863.8390162,/tf map->base_footprint,map,base_footprint,5.306680365885858,2.118070234760992,0.008729264847471932,-0.00022937818599981228,0.0033785279406045956,-2.221148170964849
43,1778587864.039009,/tf map->base_footprint,map,base_footprint,5.306680358625653,2.1180702103031384,0.008722409848494688,-0.00022939107082882052,0.003378284162935326,-2.2211482421357562
44,1778587864.2389758,/tf map->base_footprint,map,base_footprint,5.306680332297012,2.1180701876864156,0.008723309044946944,-0.0002294615432295569,0.003379977938222846,-2.2211484422686527
45,1778587864.4400496,/tf map->base_footprint,map,base_footprint,5.30668032861444,2.1180701829213127,0.0087250947865733,-0.00022950668897809236,0.003378814550794649,-2.2211482294149447
46,1778587864.6390073,/tf map->base_footprint,map,base_footprint,5.306680339644316,2.1180701838823595,0.0087270902960134,-0.00022954426872584936,0.003376512716631275,-2.221148095465177
47,1778587864.8395603,/tf map->base_footprint,map,base_footprint,5.306680293155092,2.1180701369228716,0.008724490637635748,-0.0002295544066604519,0.0033794960869819517,-2.221148031064526
48,1778587865.0389793,/tf map->base_footprint,map,base_footprint,5.30668029078811,2.1180701346038715,0.008722857062844114,-0.0002295321763690715,0.0033782427895184424,-2.2211479855672986
49,1778587865.2390025,/tf map->base_footprint,map,base_footprint,5.306680265946849,2.1180700986598207,0.00872545147842815,-0.0002295157866479375,0.003381625273119589,-2.2211478862057437
50,1778587865.4389806,/tf map->base_footprint,map,base_footprint,5.306680273378639,2.1180701010674254,0.008725180506076019,-0.0002294889518716451,0.003379405590201882,-2.2211479361460142
51,1778587865.6389835,/tf map->base_footprint,map,base_footprint,5.306680251641695,2.1180700798458805,0.008725581600333616,-0.00022948300848738278,0.0033784510080045326,-2.2211478709078976
52,1778587865.8390615,/tf map->base_footprint,map,base_footprint,5.306680263780951,2.1180700778254637,0.00872593539246446,-0.00022949205636140266,0.003375929302402999,-2.221147853687493
53,1778587866.0390878,/tf map->base_footprint,map,base_footprint,5.3066802557316235,2.1180700768959313,0.008727809386063302,-0.00022951532884559226,0.0033755037735629066,-2.2211479031046646
54,1778587866.2391195,/tf map->base_footprint,map,base_footprint,5.306680209376584,2.1180700149975333,0.008727401354990597,-0.00022954311998714895,0.003380557474328647,-2.221147725236369
55,1778587866.4390283,/tf map->base_footprint,map,base_footprint,5.306680244377885,2.1180700567642003,0.008725996396402924,-0.00022955689383204658,0.0033761396980368373,-2.221147765672748
56,1778587866.6394503,/tf map->base_footprint,map,base_footprint,5.306680190786349,2.1180699804472805,0.008723177876830898,-0.0002295191073318849,0.003379919557293782,-2.2211476266334893
57,1778587866.8402128,/tf map->base_footprint,map,base_footprint,5.306680154830856,2.1180699469218736,0.00872931134387904,-0.00022942796923987367,0.0033836051816909895,-2.221147715791858
58,1778587867.0390384,/tf map->base_footprint,map,base_footprint,5.306680177043512,2.1180699669216287,0.008728059376790139,-0.00022934011366598257,0.00337788851899974,-2.221147827278005
59,1778587867.238935,/tf map->base_footprint,map,base_footprint,5.30668014629949,2.1180699451358014,0.008726347707718636,-0.00022931976257717493,0.003380111965423078,-2.2211476028510675
60,1778587867.43895,/tf map->base_footprint,map,base_footprint,5.306680141993521,2.118069918398767,0.00872965274103017,-0.0002293475677562088,0.0033802148204528384,-2.2211477070882224
61,1778587867.6389072,/tf map->base_footprint,map,base_footprint,5.306680168469024,2.118069946656002,0.00872842800296245,-0.000229411803484211,0.003377113876412769,-2.2211475772838267
62,1778587867.8395498,/tf map->base_footprint,map,base_footprint,5.306680133259097,2.118069913304208,0.008726417827019712,-0.00022942845970560236,0.0033764363533509874,-2.2211476021270444
63,1778587868.039825,/tf map->base_footprint,map,base_footprint,5.306680084247651,2.118069863918508,0.008722471425942842,-0.00022939059988449177,0.0033812767859317497,-2.2211474069385138
64,1778587868.2389748,/tf map->base_footprint,map,base_footprint,5.306680114863253,2.1180698673367204,0.008728151848445852,-0.00022929526429097205,0.003377999157092429,-2.2211474608805575
65,1778587868.4389768,/tf map->base_footprint,map,base_footprint,5.306680083028915,2.1180698500332134,0.00872524983317357,-0.00022925744556695835,0.0033773298604598493,-2.2211475592911456
66,1778587868.6393685,/tf map->base_footprint,map,base_footprint,5.306680059563376,2.118069803047275,0.008722594458108255,-0.0002293138603524264,0.003380688109751167,-2.221147423633169
67,1778587868.839137,/tf map->base_footprint,map,base_footprint,5.306680084292108,2.1180698191299525,0.008725975245909396,-0.00022938644336464845,0.003377830554116063,-2.221147584332081
68,1778587869.0390954,/tf map->base_footprint,map,base_footprint,5.306680062760466,2.1180698062349603,0.008730099742982587,-0.00022949884399488398,0.0033764649917026514,-2.221147448807327
69,1778587869.2400863,/tf map->base_footprint,map,base_footprint,5.306680043529385,2.1180697626575005,0.00872643040600478,-0.00022949348644433744,0.003378656070692349,-2.2211475157234246
70,1778587869.4390943,/tf map->base_footprint,map,base_footprint,5.306680013691895,2.1180697459189104,0.008728414982332885,-0.00022950260399036968,0.003378415809876906,-2.221147355280007
71,1778587869.6390896,/tf map->base_footprint,map,base_footprint,5.306680013872716,2.11806975292078,0.008724467316060965,-0.0002295078649720467,0.0033777371672644866,-2.221147200082207
72,1778587869.8391058,/tf map->base_footprint,map,base_footprint,5.306679997829444,2.1180697318905426,0.008724528717519461,-0.00022947148814590036,0.0033780323384761295,-2.2211472856253742
73,1778587870.0390208,/tf map->base_footprint,map,base_footprint,5.306679989056392,2.11806970871338,0.008729879985411415,-0.00022944491238361856,0.003378949752241995,-2.221147182473663
74,1778587870.239058,/tf map->base_footprint,map,base_footprint,5.306679968126139,2.1180696797571357,0.00872916524616521,-0.00022941159284064854,0.0033797695751038564,-2.221147282187181
75,1778587870.439111,/tf map->base_footprint,map,base_footprint,5.306679962445507,2.118069674370929,0.008726670480590405,-0.00022942281810339036,0.003378766627947887,-2.2211472581125125
76,1778587870.63908,/tf map->base_footprint,map,base_footprint,5.3066799659679225,2.118069684512883,0.008727721587040256,-0.00022944303299323482,0.0033757875513945853,-2.2211472130673866
77,1778587870.8388731,/tf map->base_footprint,map,base_footprint,5.306679898314005,2.1180695848719324,0.008727239948210253,-0.0002293870586757054,0.003385381048528793,-2.22114701906899
78,1778587871.0394402,/tf map->base_footprint,map,base_footprint,5.306679958510083,2.1180696488323023,0.008728481906669297,-0.00022932082325108564,0.003373940958079172,-2.221146989545686
79,1778587871.2389657,/tf map->base_footprint,map,base_footprint,5.306679925630321,2.1180696287767558,0.008727326347441501,-0.00022928464264667604,0.003376168518163559,-2.2211469767520593
80,1778587871.4390388,/tf map->base_footprint,map,base_footprint,5.30667987433356,2.1180695653218633,0.008727759513092546,-0.00022927919075885623,0.00338103583263959,-2.221146862352686
81,1778587871.6390321,/tf map->base_footprint,map,base_footprint,5.306679896253183,2.118069570228394,0.008729708103208715,-0.000229286427972573,0.003377919336887118,-2.221146960731308
82,1778587871.8388875,/tf map->base_footprint,map,base_footprint,5.306679884567342,2.118069566226371,0.008729688193520924,-0.00022930619571834575,0.0033776142716452303,-2.221146923698015
83,1778587872.0388544,/tf map->base_footprint,map,base_footprint,5.306679848666512,2.118069535734456,0.008728371725991257,-0.00022934646493262304,0.0033804754130666676,-2.2211469201788825
84,1778587872.2388802,/tf map->base_footprint,map,base_footprint,5.306679851366397,2.1180695138155587,0.008722831612886475,-0.00022936630089432123,0.003378885910617184,-2.2211468966440417
85,1778587872.438983,/tf map->base_footprint,map,base_footprint,5.306679846166364,2.1180695099571714,0.008727064748259945,-0.0002293470093993591,0.003377464706271339,-2.22114697600896
86,1778587872.639407,/tf map->base_footprint,map,base_footprint,5.306679822256857,2.1180694807858904,0.008728886969344,-0.00022935539805793464,0.0033791124878499905,-2.22114688833024
87,1778587872.8392098,/tf map->base_footprint,map,base_footprint,5.306679833747651,2.1180694847557313,0.008725546451043578,-0.00022942004333841357,0.003377031142192519,-2.221146847020854
88,1778587873.0390377,/tf map->base_footprint,map,base_footprint,5.306679810429383,2.118069461600322,0.008728022373993803,-0.0002294793638715534,0.0033768562202214653,-2.221146802278017
89,1778587873.2394912,/tf map->base_footprint,map,base_footprint,5.306679799995737,2.118069423481073,0.008724716840138567,-0.0002294684624052113,0.0033780812039270356,-2.22114667191337
90,1778587873.438925,/tf map->base_footprint,map,base_footprint,5.306679805603638,2.1180694534004796,0.008727194964801592,-0.0002294398357157532,0.0033743028496046315,-2.2211466126902057
91,1778587873.6389477,/tf map->base_footprint,map,base_footprint,5.306679778546861,2.1180694066223325,0.008729153844787608,-0.00022948563187607292,0.003378230303257985,-2.2211466899205767
92,1778587873.8390415,/tf map->base_footprint,map,base_footprint,5.306679729920807,2.1180693559142645,0.0087230747939617,-0.0002295637409424733,0.0033811057293593443,-2.221146584974277
93,1778587874.0389469,/tf map->base_footprint,map,base_footprint,5.306679729522102,2.1180693855388135,0.008725968641797279,-0.00022958861391975813,0.0033778391488939654,-2.221146645873084
94,1778587874.2388835,/tf map->base_footprint,map,base_footprint,5.306679743041792,2.1180693677963727,0.00872834517325574,-0.000229601783329547,0.0033755938976008006,-2.2211467166058108
95,1778587874.438788,/tf map->base_footprint,map,base_footprint,5.306679685245562,2.118069291803642,0.008727743593299652,-0.00022961969786124573,0.003382901854911872,-2.221146743006796
96,1778587874.6389961,/tf map->base_footprint,map,base_footprint,5.306679683522214,2.118069285834765,0.008727313572544516,-0.00022964704527789518,0.0033801966172753825,-2.221146573781327
97,1778587874.839011,/tf map->base_footprint,map,base_footprint,5.306679681861293,2.118069279861771,0.008728023463441873,-0.00022968760442674272,0.003380199965635614,-2.2211465099389165
98,1778587875.0391903,/tf map->base_footprint,map,base_footprint,5.306679694186332,2.1180692704877706,0.00872869596116274,-0.00022975145506453148,0.003379814429430664,-2.221146439665668
99,1778587875.2391918,/tf map->base_footprint,map,base_footprint,5.306679675482295,2.118069258980238,0.008725512405057877,-0.00022977008739816313,0.0033777679059802416,-2.2211464309034645
100,1778587875.4388392,/tf map->base_footprint,map,base_footprint,5.3066796485755745,2.1180692396615366,0.008727793265858454,-0.00022977610367861553,0.0033782945444044703,-2.2211463230094908
101,1778587875.6392355,/tf map->base_footprint,map,base_footprint,5.306679646412442,2.1180692111287494,0.008728101901744363,-0.00022981686905576372,0.0033801967481364853,-2.221146336589452
102,1778587875.8389907,/tf map->base_footprint,map,base_footprint,5.306679630624617,2.1180692007091606,0.008729033690155583,-0.00022980051264545652,0.003378685718788869,-2.221146383979422
103,1778587876.0389743,/tf map->base_footprint,map,base_footprint,5.306679619170074,2.118069195482527,0.008728424647272024,-0.0002297914677005023,0.0033777852239486377,-2.2211462953318906
104,1778587876.239192,/tf map->base_footprint,map,base_footprint,5.306679599154918,2.118069163297148,0.008724806279207074,-0.00022974416613461498,0.0033801018486857006,-2.2211461815652225
105,1778587876.4389443,/tf map->base_footprint,map,base_footprint,5.306679600377343,2.118069170727658,0.00872913380884007,-0.0002296793050696937,0.003377014932223898,-2.2211461060292534
106,1778587876.6390853,/tf map->base_footprint,map,base_footprint,5.306679577008738,2.1180691366926854,0.008730105190944285,-0.00022957747035146534,0.003378939903755275,-2.2211461441784026
107,1778587876.8392613,/tf map->base_footprint,map,base_footprint,5.306679570563129,2.1180691342060554,0.008727455365962521,-0.00022949410659090712,0.003377170545446655,-2.221146274202698
108,1778587877.0389159,/tf map->base_footprint,map,base_footprint,5.306679550059604,2.118069104137081,0.00872454592826383,-0.00022946195542637067,0.003379128296983184,-2.2211461304605695
109,1778587877.2391474,/tf map->base_footprint,map,base_footprint,5.306679519856376,2.1180690833829767,0.008729154256049568,-0.00022941923372623739,0.0033810532416556826,-2.2211461523395224
110,1778587877.4389765,/tf map->base_footprint,map,base_footprint,5.306679552055137,2.1180691059942998,0.008725143931094912,-0.00022944231124992436,0.0033754115951231916,-2.22114618347677
111,1778587877.6389673,/tf map->base_footprint,map,base_footprint,5.306679498099401,2.118069018584268,0.008726059422451648,-0.0002295246518457581,0.0033820593284644936,-2.2211461470584672
112,1778587877.8394015,/tf map->base_footprint,map,base_footprint,5.3066795049184075,2.1180690591448883,0.008722682723857057,-0.00022961355397479023,0.0033763629426729193,-2.2211461596464956
113,1778587878.0393295,/tf map->base_footprint,map,base_footprint,5.306679502246442,2.1180690191372955,0.008726327408428592,-0.00022962818181088756,0.0033773369012077585,-2.2211460997421364
114,1778587878.238777,/tf map->base_footprint,map,base_footprint,5.306679486441407,2.1180690110769076,0.008727451422534744,-0.00022958567196793985,0.00337743570524029,-2.221146095030182
115,1778587878.439011,/tf map->base_footprint,map,base_footprint,5.306679440883181,2.1180689525858676,0.008727373432260052,-0.00022958855593755069,0.003382030513790932,-2.221145987152168
116,1778587878.638945,/tf map->base_footprint,map,base_footprint,5.306679450434135,2.118068980963816,0.008722895198224435,-0.0002295581696879105,0.0033772558040250744,-2.2211458149735903
117,1778587878.8391037,/tf map->base_footprint,map,base_footprint,5.306679423042662,2.1180689285389818,0.00872872050798168,-0.00022945243068762085,0.003382122024685823,-2.2211459043486217
118,1778587879.0389934,/tf map->base_footprint,map,base_footprint,5.306679410728845,2.1180689305777656,0.008722584050430394,-0.0002294058259624663,0.0033790294457845677,-2.221145844603202
119,1778587879.2393272,/tf map->base_footprint,map,base_footprint,5.306679398513638,2.118068876720956,0.008728427063099018,-0.00022931804911070268,0.0033807559912727506,-2.221145758768294
120,1778587879.4391022,/tf map->base_footprint,map,base_footprint,5.306679401687022,2.118068902596842,0.008725177054517719,-0.0002292637152894279,0.0033775465741147214,-2.221145779318222
121,1778587879.638916,/tf map->base_footprint,map,base_footprint,5.306679374306244,2.1180688684739373,0.008727482765693786,-0.00022924378949643994,0.0033803727728092697,-2.221145684417564
122,1778587879.8389637,/tf map->base_footprint,map,base_footprint,5.3066793705828506,2.1180688662624614,0.008729866575856143,-0.00022924393901839295,0.0033788726483165903,-2.2211457184196424
123,1778587880.0399303,/tf map->base_footprint,map,base_footprint,5.306679374715107,2.118068837792831,0.008728108935909022,-0.00022927335658022335,0.0033799345111813336,-2.221145639631054
124,1778587880.2388604,/tf map->base_footprint,map,base_footprint,5.306679345534368,2.118068824485739,0.008729335401453472,-0.00022927243426397662,0.003379483302794876,-2.2211455638765893
125,1778587880.4389064,/tf map->base_footprint,map,base_footprint,5.306679328779843,2.11806880725048,0.008724521881096278,-0.00022930288279285387,0.003377692602642021,-2.221145634855543
126,1778587880.6389506,/tf map->base_footprint,map,base_footprint,5.306679329532901,2.1180687653101775,0.008729156200744463,-0.0002293844009186171,0.003380429073958875,-2.2211456296237446
127,1778587880.8391652,/tf map->base_footprint,map,base_footprint,5.30667933004944,2.1180687781169385,0.00872778707193262,-0.00022948617019741778,0.0033766863584977556,-2.2211455230210766
128,1778587881.039204,/tf map->base_footprint,map,base_footprint,5.306679272041525,2.118068737319976,0.008723099087599152,-0.00022958882795551713,0.00338213844912452,-2.2211454274277176
129,1778587881.2393901,/tf map->base_footprint,map,base_footprint,5.30667929802655,2.1180687235526965,0.00872815097220065,-0.00022958379103367983,0.0033791525461920216,-2.221145474135316
130,1778587881.4394069,/tf map->base_footprint,map,base_footprint,5.306679285460615,2.1180687348460494,0.008730203238108549,-0.00022955205548296913,0.003377881019178895,-2.221145684615713
131,1778587881.639061,/tf map->base_footprint,map,base_footprint,5.306679243645183,2.118068669420874,0.008723211173864574,-0.00022954427005448145,0.003382039590404824,-2.2211455047940207
132,1778587881.8391285,/tf map->base_footprint,map,base_footprint,5.29619948188352,2.10429165494836,0.008732368046591173,-0.00023929155439402538,0.0020162775674054264,-2.221189193573113
133,1778587882.0389807,/tf map->base_footprint,map,base_footprint,5.265957250148979,2.064686925837182,0.008733574785701031,-0.00028987087814959315,-0.001823530459785506,-2.2280262141801637
134,1778587882.2391331,/tf map->base_footprint,map,base_footprint,5.234093946180499,2.023577339787721,0.008733535965549386,-0.0003712395931007829,-0.0056408171970691555,-2.230481305335718
135,1778587882.4391975,/tf map->base_footprint,map,base_footprint,5.207908315455577,1.9899600495603134,0.008734084477208196,-0.0004433735822702759,-0.008623238265412692,-2.2313934330761285
136,1778587882.6390204,/tf map->base_footprint,map,base_footprint,5.176301340077072,1.949253765681475,0.00878369645905077,-0.0005319353642036053,-0.011303091492358251,-2.2333634813556626
137,1778587882.8390713,/tf map->base_footprint,map,base_footprint,5.145513650931708,1.90996960138715,0.008782420169532559,-0.0006410199803665452,-0.011203407806452518,-2.2369627696821035
138,1778587883.0390031,/tf map->base_footprint,map,base_footprint,5.112921081468259,1.8686822791117428,0.008732791244049113,-0.0007589397419256198,-0.008867772000379226,-2.2388017022869886
139,1778587883.2390583,/tf map->base_footprint,map,base_footprint,5.081159817362122,1.8278644799285944,0.008730799198927,-0.0008008609627964596,-0.005813455193274663,-2.2280408083649355
140,1778587883.439037,/tf map->base_footprint,map,base_footprint,5.049466071700256,1.7865218207819102,0.008730443799486969,-0.000727267432383963,-0.0027754138844619833,-2.2186643660082073
141,1778587883.6388285,/tf map->base_footprint,map,base_footprint,5.018596881603869,1.744905058622725,0.008730221439486544,-0.0005043467070960518,0.0004031366917065937,-2.192202376763177
142,1778587883.8393016,/tf map->base_footprint,map,base_footprint,4.988342327187408,1.7031159513235294,0.008696906379299629,-0.00017995609147811013,0.003833315473320783,-2.1937294451886564
143,1778587884.038985,/tf map->base_footprint,map,base_footprint,4.963348228199828,1.668386424471895,0.0086892233659701,2.478737746148729e-05,0.004899668909522796,-2.1735143776178836
144,1778587884.239181,/tf map->base_footprint,map,base_footprint,4.9352190899717,1.6261424005928928,0.008732235572228986,0.0002731186270119054,0.002663955151098635,-2.1454536367540897
145,1778587884.4389725,/tf map->base_footprint,map,base_footprint,4.907027029061829,1.5815691637234937,0.008732131115155212,0.0004855106302605548,-5.2237581803860726e-05,-2.122060233752048
146,1778587884.6390657,/tf map->base_footprint,map,base_footprint,4.880000541666458,1.537380347174379,0.0087315678072152,0.000694539181640145,-0.0022378814835974626,-2.1005709011450016
147,1778587884.8390286,/tf map->base_footprint,map,base_footprint,4.8550840499312615,1.4942904867885112,0.008731411283446573,0.0008553964425660901,-0.003891944247531171,-2.0713041347913106
148,1778587885.0391102,/tf map->base_footprint,map,base_footprint,4.8295580648906995,1.4494981368048057,0.00873121025903091,0.0010413383195260067,-0.005274468405155942,-2.081294506064596
149,1778587885.2390294,/tf map->base_footprint,map,base_footprint,4.8028495215369835,1.4040308172632718,0.008731204479147586,0.0012253134698677927,-0.006372053830414024,-2.1198212354307664
150,1778587885.4392164,/tf map->base_footprint,map,base_footprint,4.77422190371106,1.3599160161188288,0.00873137507651297,0.0012732899520393303,-0.007136821052027844,-2.179846814463569
151,1778587885.6389809,/tf map->base_footprint,map,base_footprint,4.747841411139226,1.324629239085568,0.008731472912916014,0.0012030837815836682,-0.0075069892358391776,-2.245541996285486
152,1778587885.8390615,/tf map->base_footprint,map,base_footprint,4.716536329404702,1.2881759502105259,0.00873121922779937,0.0008361784510974273,-0.007200949770316506,-2.3229416418159032
153,1778587886.0391088,/tf map->base_footprint,map,base_footprint,4.680504497357956,1.2517793026100053,0.008731210870684045,0.0002683966560746712,-0.006766867250820349,-2.388472680698221
154,1778587886.238973,/tf map->base_footprint,map,base_footprint,4.646504711754076,1.2223616104022796,0.008731016178177809,-0.0005123198239575988,-0.005433844959463158,-2.465275927690341
155,1778587886.4391263,/tf map->base_footprint,map,base_footprint,4.606801647127505,1.1929796304854192,0.00873095900352867,-0.0014525487376194641,-0.0040096250470259736,-2.541478920800585
156,1778587886.639022,/tf map->base_footprint,map,base_footprint,4.563274792677302,1.165482536959379,0.00873080722456676,-0.0024912274443321778,-0.0024895904827764775,-2.6168484366298133
157,1778587886.8390195,/tf map->base_footprint,map,base_footprint,4.518357434444207,1.1416575439407401,0.008714600719032453,-0.0033349874210266577,-0.0006103914893435017,-2.6945780690808587
158,1778587887.0391457,/tf map->base_footprint,map,base_footprint,4.480281686257092,1.1248210998209172,0.008727179344360325,-0.0029247671576782294,0.0015576714433094521,-2.7588225919455325
159,1778587887.2389753,/tf map->base_footprint,map,base_footprint,4.436556869869705,1.108722496252228,0.008689324243640259,-0.0027251119613721773,0.0046096667794769015,-2.8153687208145697
160,1778587887.4389446,/tf map->base_footprint,map,base_footprint,4.391514937743742,1.0949222201500965,0.008689255227379912,-0.002825810648219005,0.004081369844604632,-2.8693260318084817
161,1778587887.639151,/tf map->base_footprint,map,base_footprint,4.34434518664094,1.083120568462872,0.008728808189256403,-0.002938725291310192,0.0010634300513256588,-2.9243300705429913
162,1778587887.839022,/tf map->base_footprint,map,base_footprint,4.299478961438575,1.0743881428082647,0.008729639754184178,-0.0029081538364237533,-0.0011110327853672969,-2.9715618891302507
163,1778587888.0389504,/tf map->base_footprint,map,base_footprint,4.250464998990312,1.0666776468242667,0.00872995407357314,-0.0029030952792624127,-0.0030416660362220125,-2.995288154559223
164,1778587888.2392652,/tf map->base_footprint,map,base_footprint,4.200311980817328,1.0595872596979246,0.008729019282678049,-0.0029209833658609646,-0.0045919904892103396,-3.005743063053338
165,1778587888.438949,/tf map->base_footprint,map,base_footprint,4.152370374579769,1.05331736069321,0.008730761513788458,-0.0028747592529272696,-0.00557902293748337,-3.0166198443693903
166,1778587888.6389978,/tf map->base_footprint,map,base_footprint,4.113866490101897,1.0486740212050798,0.008730390548963499,-0.0028852353256720083,-0.005919813327774162,-3.0259110303252688
167,1778587888.8388708,/tf map->base_footprint,map,base_footprint,4.064289009642253,1.0431370928822268,0.008730803520690318,-0.0028773251759579995,-0.006347181388276115,-3.0330445422799426
168,1778587889.0391405,/tf map->base_footprint,map,base_footprint,4.015124713203564,1.0374140775841172,0.008731367871307835,-0.002862895616149538,-0.006334645001613418,-3.013919154144597
169,1778587889.2390764,/tf map->base_footprint,map,base_footprint,3.964715532419994,1.029864636212811,0.008731285157074938,-0.002819811547488729,-0.005887461482165919,-2.9684886230838052
170,1778587889.4391844,/tf map->base_footprint,map,base_footprint,3.9141931931457106,1.0193561413154304,0.00873112313141197,-0.002587577821299624,-0.004975684754461687,-2.900145423844274
171,1778587889.6405404,/tf map->base_footprint,map,base_footprint,3.863783735963407,1.0055351640515573,0.008730978308989026,-0.0020858156538537376,-0.003755981770685494,-2.847161113217136
172,1778587889.838962,/tf map->base_footprint,map,base_footprint,3.813075435574467,0.9897506688093324,0.008730751379084606,-0.0013958269817276056,-0.0022055856595987796,-2.8178803769299354
173,1778587890.0402985,/tf map->base_footprint,map,base_footprint,3.7720867962652065,0.975855377826995,0.008730647909652634,-0.0007917742123621807,-0.0005223485559531363,-2.811102221078377
174,1778587890.2389593,/tf map->base_footprint,map,base_footprint,3.723201103946293,0.9592003514517166,0.008730538933787462,-0.00014652375495518476,0.0019858055249610236,-2.8197559646270167
175,1778587890.4389725,/tf map->base_footprint,map,base_footprint,3.6741338005947157,0.9430978065189197,0.008689159095420049,0.0003100510124595808,0.004455050779887334,-2.829716737282155
176,1778587890.6390479,/tf map->base_footprint,map,base_footprint,3.629356872208774,0.9289056349014416,0.008708955456088432,0.0005170587874239248,0.0035944756958905763,-2.8402545142905247
177,1778587890.8388956,/tf map->base_footprint,map,base_footprint,3.5810277206321968,0.9144644176871061,0.008731982769276926,0.000622577141152505,0.0009252630871252144,-2.8605146919000157
178,1778587891.039026,/tf map->base_footprint,map,base_footprint,3.5348952380101863,0.902152032964907,0.008730996314999092,0.0006721485056639557,-0.0008643372447389658,-2.890832415783236
179,1778587891.2389278,/tf map->base_footprint,map,base_footprint,3.486781856230133,0.8898714671901152,0.00873095511560348,0.0006451376093073445,-0.0023235930860038036,-2.901924968255801
180,1778587891.4390888,/tf map->base_footprint,map,base_footprint,3.436594828219054,0.8784860577502432,0.008730907083065082,0.0005437619358557639,-0.003454106871901264,-2.936631534686638
181,1778587891.6389008,/tf map->base_footprint,map,base_footprint,3.3941702596879733,0.8702167459999147,0.008730988043761883,0.00036994737874903574,-0.004137618402340269,-2.962756436874219
182,1778587891.838991,/tf map->base_footprint,map,base_footprint,3.3436816355588257,0.8616889597142375,0.008731115512663836,0.00010110472153136151,-0.004581587098380923,-2.982824362097177
183,1778587892.0389326,/tf map->base_footprint,map,base_footprint,3.296333680329235,0.8542806003699219,0.008730894133772094,-0.00020683651799247106,-0.004333960053798881,-2.992881492802216
184,1778587892.239059,/tf map->base_footprint,map,base_footprint,3.2496206915055272,0.8475123064709059,0.008730911745909712,-0.0004997227558712178,-0.0034760518532729366,-3.0031041937882685
185,1778587892.439182,/tf map->base_footprint,map,base_footprint,3.2012010948570517,0.8410107896696838,0.008730734585880603,-0.0007766451901563532,-0.0023321198868194093,-3.0137075827080637
186,1778587892.6389594,/tf map->base_footprint,map,base_footprint,3.155726985720921,0.8354187005522196,0.008730715914956328,-0.0010223166090953127,-0.0003562738626004802,-3.02443423540567
187,1778587892.8389075,/tf map->base_footprint,map,base_footprint,3.104402716274355,0.8296589597062439,0.008730678881969637,-0.0012504367774141766,0.0016375440681625306,-3.035195517374516
188,1778587893.039048,/tf map->base_footprint,map,base_footprint,3.0541651827360803,0.8245629114431843,0.00869025476135087,-0.0014477391538918294,0.004035244026344941,-3.0459304342145694
189,1778587893.2392154,/tf map->base_footprint,map,base_footprint,3.011736600835642,0.8207222907182777,0.008689177204928282,-0.0015611879969422225,0.0038522476518907016,-3.056891288381881
190,1778587893.438937,/tf map->base_footprint,map,base_footprint,2.9622995072364775,0.8170675686527771,0.008731287999123661,-0.001637739537499254,0.0019518217960643165,-3.076162547433747
191,1778587893.6394336,/tf map->base_footprint,map,base_footprint,2.916146821199476,0.8141769132047396,0.008731091329400918,-0.0017152888986287018,0.0009444299076993777,-3.084399268208768
192,1778587893.839165,/tf map->base_footprint,map,base_footprint,2.8664528340542503,0.8115881419231651,0.008730955596357089,-0.0017654046381449906,0.00013415356817416833,-3.094854542045157
193,1778587894.0390737,/tf map->base_footprint,map,base_footprint,2.821153683611913,0.809718574840672,0.008730950941526226,-0.0017972873425509237,0.00020588968829627748,-3.1055542780535683
194,1778587894.2389913,/tf map->base_footprint,map,base_footprint,2.770019173476422,0.8081544562806623,0.008730950791581026,-0.0018207741856514062,0.00027619678114422963,-3.1163361301473773
195,1778587894.438969,/tf map->base_footprint,map,base_footprint,2.7188647682301115,0.8071390809006432,0.008730880670991124,-0.00183569677412454,0.0007338561999050022,-3.1271325987060847
196,1778587894.638904,/tf map->base_footprint,map,base_footprint,2.667233101542841,0.8066699576327434,0.008730781554918169,-0.0018519342621993906,0.001570759611091835,-3.1379039430121183
197,1778587894.8392894,/tf map->base_footprint,map,base_footprint,2.6244314757906215,0.8067008565929868,0.008730883552202532,-0.0018648566472109103,0.002620950166497996,3.1363097044362616
198,1778587895.0390432,/tf map->base_footprint,map,base_footprint,2.578376599714203,0.807186301180177,0.008689232339356014,-0.001880386720300454,0.004097899652562451,3.1256257071856504
199,1778587895.2390127,/tf map->base_footprint,map,base_footprint,2.527258706170688,0.8082731355102729,0.008731351009741012,-0.001856336913279355,0.0025549630395131175,3.1148610393909735
200,1778587895.439011,/tf map->base_footprint,map,base_footprint,2.482424276625171,0.8097054901649745,0.00873100594807341,-0.0018342165295814152,0.0018381915004311304,3.1041453883033814
201,1778587895.6389177,/tf map->base_footprint,map,base_footprint,2.4332399093808865,0.8117536514063283,0.008730977921817984,-0.0018172413410577752,0.0013755477043205927,3.099466675324833
202,1778587895.8390338,/tf map->base_footprint,map,base_footprint,2.3816501836275963,0.8139122716261544,0.008730957425714518,-0.0017857898757661314,0.001110233784612369,3.0993509751823236
203,1778587896.038936,/tf map->base_footprint,map,base_footprint,2.330054307940934,0.816075413929334,0.008730932457865744,-0.001726672419759987,0.0012403815687018756,3.099446814964695
204,1778587896.2389784,/tf map->base_footprint,map,base_footprint,2.2872863562121113,0.8178694873842312,0.008730761598459997,-0.0016585656475627466,0.0016941672220248125,3.0995749228807723
205,1778587896.4389498,/tf map->base_footprint,map,base_footprint,2.240784651446347,0.8198234631182726,0.008730770138139806,-0.001559918828133672,0.0031039256243508852,3.099618388974533
206,1778587896.6390078,/tf map->base_footprint,map,base_footprint,2.191289883537138,0.821902962778086,0.00870772585844592,-0.0014480606995001702,0.0035785849357118826,3.09964649575488
207,1778587896.8389614,/tf map->base_footprint,map,base_footprint,2.144341209142549,0.8238752855949711,0.008731070870444524,-0.0013299705883379107,0.003015617232080647,3.099647605769245
208,1778587897.038917,/tf map->base_footprint,map,base_footprint,2.097634502222648,0.8258372467359175,0.008731034645062422,-0.0012135736620977862,0.0030791660860994504,3.099660149046263
209,1778587897.240229,/tf map->base_footprint,map,base_footprint,2.046032908359545,0.8280041863383183,0.00873099373915052,-0.0011005400856882637,0.0031751555768829865,3.099649875169625
210,1778587897.438956,/tf map->base_footprint,map,base_footprint,1.9944277613808807,0.8300981443353244,0.008720775909631974,-0.000995837858109293,0.003486824634939558,3.106147412986875
211,1778587897.638928,/tf map->base_footprint,map,base_footprint,1.9432517788802124,0.8316812237300353,0.008731068066644133,-0.0008732994335997849,0.003197477847794063,3.1100665420728597
212,1778587897.8389096,/tf map->base_footprint,map,base_footprint,1.902791750954849,0.8329952798455468,0.00873097018355859,-0.0007806046169170202,0.0033609741974248443,3.1104070053225854
213,1778587898.0390656,/tf map->base_footprint,map,base_footprint,1.8542738736351014,0.8345497569948896,0.008730982956783087,-0.0006831015001709446,0.0032225687105144492,3.110807491935851
214,1778587898.2393768,/tf map->base_footprint,map,base_footprint,1.80518428242866,0.8357151752137448,0.00873098084140719,-0.0005925537106424263,0.003047537429112892,3.1221167671040777
215,1778587898.4390779,/tf map->base_footprint,map,base_footprint,1.7590820926460062,0.836687381126885,0.00872162663231079,-0.0004933221487995959,0.0034616266834889085,3.12163769834183
216,1778587898.6389337,/tf map->base_footprint,map,base_footprint,1.7079437762590517,0.8371708061233293,0.00873101254476417,-0.0004110648275496644,0.003244018791263328,-3.135336978349271
217,1778587898.8388891,/tf map->base_footprint,map,base_footprint,1.6550400797979061,0.8357121910080201,0.008730947975906359,-0.0002471461231092416,0.003279884992068744,-3.0901335054095522
218,1778587899.0389524,/tf map->base_footprint,map,base_footprint,1.602677669899822,0.8318663941110642,0.008721176068788078,8.908409420641038e-06,0.003442807742660399,-3.044468856266576
219,1778587899.238887,/tf map->base_footprint,map,base_footprint,1.558973619836712,0.8263363944745168,0.008731001914301057,0.0003181793328444357,0.003281456453847333,-2.985913210291945
220,1778587899.438887,/tf map->base_footprint,map,base_footprint,1.5082519691057883,0.8160833683595445,0.008717769126669467,0.0007890332798258217,0.0034526575144139832,-2.893952994199449
221,1778587899.639057,/tf map->base_footprint,map,base_footprint,1.4578265147417664,0.8010177498989737,0.00873096985887676,0.001467040582515889,0.0032906397013967087,-2.815069133217816
222,1778587899.839104,/tf map->base_footprint,map,base_footprint,1.4093338861549225,0.7822023100209868,0.008727417114189206,0.00222978031008977,0.003401261770102487,-2.7183427059927023
223,1778587900.038975,/tf map->base_footprint,map,base_footprint,1.3628101632065703,0.7581463493239365,0.00871829972572705,0.003037523456621249,0.003225644757123444,-2.6077101829859077
224,1778587900.2391467,/tf map->base_footprint,map,base_footprint,1.3237537820352203,0.7318968625245048,0.00870163696018585,0.0028261209122023272,0.003709293731736412,-2.4918535047779256
225,1778587900.4391334,/tf map->base_footprint,map,base_footprint,1.2845536524491963,0.6988648713867257,0.008730776906767858,0.0027048073779573833,0.0028244524315310837,-2.3896771257390275
226,1778587900.638915,/tf map->base_footprint,map,base_footprint,1.249446209405075,0.6621451186144234,0.008723021430179936,0.0029026950088443964,0.0020977817906158544,-2.281278251118357
227,1778587900.8389344,/tf map->base_footprint,map,base_footprint,1.2228407432847206,0.6283830071878319,0.008727889013694128,0.0027698629447468464,0.0018068618368842063,-2.1953432155500088
228,1778587901.0391285,/tf map->base_footprint,map,base_footprint,1.1951085174815572,0.5853182595071909,0.008726160526188123,0.0028278297203632227,0.0018402688034848712,-2.091495689046505
229,1778587901.2389205,/tf map->base_footprint,map,base_footprint,1.173023510293573,0.5426417231111276,0.008724247424954201,0.0028680995448052164,0.0025264647674309243,-2.0022727069759467
230,1778587901.4390373,/tf map->base_footprint,map,base_footprint,1.1546615266374,0.49774069372051394,0.008706828327784898,0.0028115779075217197,0.003606127717828619,-1.9249274638104101
231,1778587901.6389325,/tf map->base_footprint,map,base_footprint,1.1389754536611247,0.4505654815893789,0.008720374693548775,0.002970160985671006,0.003290650043031057,-1.8600619335133173
232,1778587901.8390198,/tf map->base_footprint,map,base_footprint,1.1257577628933333,0.40088340657857974,0.008730688143321159,0.0027013965015364495,0.0028301422112366045,-1.8027432959078655
233,1778587902.0393512,/tf map->base_footprint,map,base_footprint,1.1153985376968438,0.3505434902623859,0.008727976780229973,0.0027860026808128567,0.002675032262553358,-1.745479609092294
234,1778587902.2389328,/tf map->base_footprint,map,base_footprint,1.108276467485229,0.30344059111976784,0.008725652425990044,0.0028312488917477045,0.003204708965652674,-1.6941628850276298
235,1778587902.4390593,/tf map->base_footprint,map,base_footprint,1.1040977167194952,0.2648806913859458,0.008707573999436427,0.0027432033736610427,0.0035812700777421336,-1.6677318483098
236,1778587902.639036,/tf map->base_footprint,map,base_footprint,1.1001441251450743,0.21532050521811635,0.008727690220276842,0.0027863460905744146,0.0028280880734336262,-1.6332950517970595
237,1778587902.838948,/tf map->base_footprint,map,base_footprint,1.0981102505502311,0.1711334130025504,0.008729572307180244,0.002733411146291431,0.0030699199020389886,-1.6006449792986204
238,1778587903.0391011,/tf map->base_footprint,map,base_footprint,1.0973231604291174,0.12134549009431779,0.008728853212610297,0.002754592054616743,0.003371367793689522,-1.5762181636293722
239,1778587903.2390497,/tf map->base_footprint,map,base_footprint,1.0972880993951,0.07508239254275113,0.008726948424797093,0.0027672263606246905,0.0033739315587726156,-1.5659906093705522
240,1778587903.4389226,/tf map->base_footprint,map,base_footprint,1.0977562733677597,0.024077713052317838,0.00873069383649443,0.0027045268431442407,0.002459143466500935,-1.5606376527557744
241,1778587903.63907,/tf map->base_footprint,map,base_footprint,1.0982539362655128,-0.027078824531471937,0.008730797151558943,0.002649323526140807,0.0019531164021577207,-1.5611153143169059
242,1778587903.8390439,/tf map->base_footprint,map,base_footprint,1.0986516039316594,-0.0696434488382492,0.008730797408256214,0.002609241515941448,0.0018482314908113127,-1.5615897683436053
243,1778587904.0390322,/tf map->base_footprint,map,base_footprint,1.0991142090891703,-0.12080053244827929,0.008730741511487937,0.0025378659417446864,0.002115355149843621,-1.561935693408823
244,1778587904.2389548,/tf map->base_footprint,map,base_footprint,1.099512451051264,-0.16638988565642382,0.008726654078449232,0.002435203719125923,0.0033765255645159162,-1.5622468357644053
245,1778587904.4389062,/tf map->base_footprint,map,base_footprint,1.0999500301434368,-0.21753891138200052,0.008716813113451016,0.002297071772361789,0.003459270495291501,-1.5622799632313475
246,1778587904.6390343,/tf map->base_footprint,map,base_footprint,1.1003520330961205,-0.2645305978167533,0.008730869683279224,0.0021376798953788665,0.0031867238641180087,-1.5622933679651383
247,1778587904.8390465,/tf map->base_footprint,map,base_footprint,1.1007861746210084,-0.31474925905548357,0.008730898382394998,0.0019696197814113004,0.0031934031303146337,-1.5621862048331638
248,1778587905.0389795,/tf map->base_footprint,map,base_footprint,1.1012272851236187,-0.36591642785813355,0.008719174760436404,0.0017986630493246965,0.0034890732840168405,-1.562196205414417
249,1778587905.2390413,/tf map->base_footprint,map,base_footprint,1.1016672277558734,-0.4170796236762935,0.008730925596576374,0.0016296707484568464,0.003311437139368004,-1.5622276720805712
250,1778587905.4390082,/tf map->base_footprint,map,base_footprint,1.1020298517072584,-0.4594068160824113,0.008721295221241807,0.0014916431109297376,0.003404914517420481,-1.5622578971989765
251,1778587905.6390975,/tf map->base_footprint,map,base_footprint,1.1024276952203462,-0.505924378535979,0.008718368157066643,0.0013337719351662165,0.003465543223930825,-1.5622859086031284
252,1778587905.838989,/tf map->base_footprint,map,base_footprint,1.102825927830866,-0.5526537338331914,0.008730866331782241,0.001185296399265459,0.003025049064407283,-1.5623129291474467
253,1778587906.0389373,/tf map->base_footprint,map,base_footprint,1.1032416004017438,-0.6015073420995702,0.008730895948678541,0.0010455593059423708,0.0027895791348343524,-1.5623132735091
254,1778587906.2389495,/tf map->base_footprint,map,base_footprint,1.1036550692349147,-0.6501199354132938,0.008730875256091666,0.0009162767140892049,0.0031011672173383267,-1.5623073188385077
255,1778587906.438981,/tf map->base_footprint,map,base_footprint,1.1040942060939531,-0.7017678656628626,0.008718918930622236,0.0007974821966375155,0.0034981503522736558,-1.5623078895461961
256,1778587906.6391225,/tf map->base_footprint,map,base_footprint,1.1045333032949616,-0.7534100140054204,0.008730985585803618,0.000689543226530935,0.0032511935726950813,-1.5623116281003226
257,1778587906.8389533,/tf map->base_footprint,map,base_footprint,1.104900920748999,-0.7966766941486679,0.008730961153068133,0.0006068781787874559,0.003198534321413258,-1.5623097384017297
258,1778587907.0389986,/tf map->base_footprint,map,base_footprint,1.1053160043647066,-0.8455382517142995,0.008710979621899597,0.0005164205236251954,0.003572317416707279,-1.5623147031091933
259,1778587907.2402022,/tf map->base_footprint,map,base_footprint,1.1057287961897089,-0.8941422028919078,0.008730866639179677,0.00043457237365457856,0.002953239921012382,-1.5623142560172563
260,1778587907.438979,/tf map->base_footprint,map,base_footprint,1.1061394490407048,-0.9425171144490125,0.008730928227524944,0.0003605855060304599,0.002578304600593364,-1.5623203748783978
261,1778587907.6388865,/tf map->base_footprint,map,base_footprint,1.1065360198907108,-0.9892560189614447,0.008730955228278945,0.0002946534301821575,0.0029270251488890324,-1.562318558948196
262,1778587907.8388693,/tf map->base_footprint,map,base_footprint,1.1069741348221116,-1.0409039247145702,0.00873092508464798,0.00023513719358824717,0.003327656841660028,-1.5623196176913974
263,1778587908.0389004,/tf map->base_footprint,map,base_footprint,1.1074121185726102,-1.0925491061322188,0.008726920255213802,0.0001815662188686156,0.003402895604127648,-1.5623212423927575
264,1778587908.239014,/tf map->base_footprint,map,base_footprint,1.1078499868876388,-1.1441918209405137,0.008731032985521855,0.0001330005096769504,0.0031731867110330646,-1.5623229428493557
265,1778587908.4389775,/tf map->base_footprint,map,base_footprint,1.1082009824955361,-1.1856086848070924,0.008719662840832972,9.634698639042513e-05,0.003450300238939566,-1.5623312987964342
266,1778587908.6389303,/tf map->base_footprint,map,base_footprint,1.108604990889398,-1.2332864919030908,0.008730855410008375,5.63476074920353e-05,0.003237400352796939,-1.5623278167358883
267,1778587908.8390229,/tf map->base_footprint,map,base_footprint,1.109022649260446,-1.2825906949027095,0.008731008056471094,2.0307518987427368e-05,0.0027273589516345845,-1.5623322728315159
268,1778587909.040243,/tf map->base_footprint,map,base_footprint,1.1093929620272491,-1.3263231646872549,0.0087307876621543,-1.1003141503877905e-05,0.0032608659944587635,-1.5623358606961921
269,1778587909.2390294,/tf map->base_footprint,map,base_footprint,1.1098222151402035,-1.377016405531725,0.008722085971508932,-3.870643623855873e-05,0.0034041772466562336,-1.5623337063427944
270,1778587909.4390106,/tf map->base_footprint,map,base_footprint,1.1102594686109566,-1.4286599401047173,0.008730994801781779,-6.434347162788635e-05,0.0032961495214905256,-1.5623331900416928
271,1778587909.639064,/tf map->base_footprint,map,base_footprint,1.1106927177905692,-1.479842682174309,0.00871986961374789,-8.75280495260122e-05,0.0034619886282771044,-1.5623361649551661
272,1778587909.8391697,/tf map->base_footprint,map,base_footprint,1.1110550446179548,-1.5226455627777358,0.008731008380948445,-0.00010510114225004171,0.003360478328231042,-1.562336902274539
273,1778587910.0388827,/tf map->base_footprint,map,base_footprint,1.1114448806078598,-1.568710161570198,0.008721559529173716,-0.0001239935553876927,0.003470891854531943,-1.562337343275362
274,1778587910.2394724,/tf map->base_footprint,map,base_footprint,1.1118778234492552,-1.619862431094239,0.008730980719870237,-0.00014109059616727846,0.0028862356766344703,-1.5623368643717357
275,1778587910.4389374,/tf map->base_footprint,map,base_footprint,1.1122635772162428,-1.6654510969027716,0.008730799790441262,-0.00015562257466451054,0.003276404237752574,-1.5623381615157876
276,1778587910.6389952,/tf map->base_footprint,map,base_footprint,1.1126886758082786,-1.7156808872507943,0.00872826510660443,-0.00016816001823266613,0.0033810917285227306,-1.5623376732173033
277,1778587910.8390799,/tf map->base_footprint,map,base_footprint,1.1131256411110093,-1.7673245658252288,0.008731051221232217,-0.0001799175989869103,0.0033342240042694127,-1.5623382053472115
278,1778587911.0389822,/tf map->base_footprint,map,base_footprint,1.1135625893127175,-1.8189704897812184,0.008721681306751458,-0.00019047028119075336,0.003415835646028798,-1.5623388858355012
279,1778587911.238963,/tf map->base_footprint,map,base_footprint,1.1139995020287399,-1.8706157329542132,0.008730972625123961,-0.00019996840094716983,0.003367159003028536,-1.5623400690583917
280,1778587911.438857,/tf map->base_footprint,map,base_footprint,1.1143977917337542,-1.9120947641860435,0.008727904063753712,-0.00020949633835727234,0.0033763715773811823,-1.5580754229313343
281,1778587911.63899,/tf map->base_footprint,map,base_footprint,1.1157745178052008,-1.9631153555779923,0.008727598275042022,-0.00019313211289094458,0.0033748088703512225,-1.5255459573515653
282,1778587911.8391001,/tf map->base_footprint,map,base_footprint,1.119701267186143,-2.015254941620666,0.008730988738999568,-9.8661545968694e-05,0.003350266507168639,-1.4646126903956265
283,1778587912.0389435,/tf map->base_footprint,map,base_footprint,1.126803384355378,-2.0665755324435944,0.008717978616114999,0.0001910512378536856,0.003445863695839244,-1.3946356556870212
284,1778587912.2389631,/tf map->base_footprint,map,base_footprint,1.1378430605089576,-2.1161657650149537,0.008730956612905644,0.0006186833372482667,0.0032629435727967926,-1.3029030373971149
285,1778587912.4389434,/tf map->base_footprint,map,base_footprint,1.1548420121345488,-2.166075420353938,0.008730906129102545,0.0012688365101278893,0.0032012751790524187,-1.1797675629143054
286,1778587912.639022,/tf map->base_footprint,map,base_footprint,1.1767147889791079,-2.212194941252656,0.008724857668577984,0.002183363159097478,0.003395951902627479,-1.0758713634351411
287,1778587912.8391333,/tf map->base_footprint,map,base_footprint,1.203769098099148,-2.256070321275652,0.0087171305853191,0.0030719198995383364,0.0033301405215748502,-0.9572500326101714
288,1778587913.03904,/tf map->base_footprint,map,base_footprint,1.2268662865958853,-2.28585593450771,0.008697604436707704,0.0030504243912633532,0.0038000349960396443,-0.8706443755431515
289,1778587913.238927,/tf map->base_footprint,map,base_footprint,1.2615571535191,-2.3231676774412273,0.008730527805251208,0.0026961147020490087,0.0027653453451451033,-0.7694759330558829
290,1778587913.4389927,/tf map->base_footprint,map,base_footprint,1.295288175623581,-2.3529600499257475,0.008728611843209737,0.002773538369879809,0.0026152735892204767,-0.6708244166747562
291,1778587913.6390266,/tf map->base_footprint,map,base_footprint,1.3379767198204344,-2.38366647440398,0.008724313307274285,0.0028612602739251708,0.0023076973895765447,-0.579373550629636
292,1778587913.8391712,/tf map->base_footprint,map,base_footprint,1.3794072547316825,-2.4081412504355786,0.00872835032392362,0.0027708301641785897,0.0027330311690181596,-0.4863279694084603
293,1778587914.039249,/tf map->base_footprint,map,base_footprint,1.425910469068787,-2.4303487335030995,0.008724010145106034,0.00287565236231636,0.003314198906142262,-0.40982689632916275
294,1778587914.2389455,/tf map->base_footprint,map,base_footprint,1.4735542685801475,-2.4489988521360044,0.008717964106044354,0.002932781413653617,0.003491754505707287,-0.33219755692379116
295,1778587914.4394794,/tf map->base_footprint,map,base_footprint,1.5105968082443624,-2.4607405155303606,0.008720794397040862,0.0028452188869775687,0.003471442722437482,-0.28426798678806053
296,1778587914.63897,/tf map->base_footprint,map,base_footprint,1.5563172700054289,-2.4726176765515393,0.008728395493436139,0.0027676926162589323,0.0030278953511950627,-0.23011848080640834
297,1778587914.8389196,/tf map->base_footprint,map,base_footprint,1.6040011316248817,-2.482381918596477,0.008727152171132664,0.0027974709327671546,0.0024679344746940234,-0.17281443746704397
298,1778587915.038856,/tf map->base_footprint,map,base_footprint,1.6499461636869475,-2.489310673025622,0.008728037396451383,0.0027761278172101487,0.0026047640222759184,-0.12932699006639545
299,1778587915.2390935,/tf map->base_footprint,map,base_footprint,1.6980670867348495,-2.4947539030743884,0.008728896258511245,0.0027537287858643155,0.0030410665472955416,-0.09711021844322633
300,1778587915.4389892,/tf map->base_footprint,map,base_footprint,1.743783766071362,-2.49843643513592,0.008715582385353849,0.002809961758316687,0.0035411776794331564,-0.0648739303339599
301,1778587915.6390107,/tf map->base_footprint,map,base_footprint,1.7949346139093152,-2.50091280363549,0.00872905526303468,0.0027443120343758677,0.002668485933857336,-0.03281739230347439
302,1778587915.838961,/tf map->base_footprint,map,base_footprint,1.846282530347681,-2.502166438311183,0.008730776103600566,0.002696492164991273,0.0022260872776114467,-0.0192265224494892
303,1778587916.0390556,/tf map->base_footprint,map,base_footprint,1.889075657420176,-2.5027742196038134,0.008729562347186378,0.0027379294189535043,0.002159565415024952,-0.009668376912464655
304,1778587916.2388864,/tf map->base_footprint,map,base_footprint,1.9384220116306632,-2.5029971724909017,0.00873043891746316,0.002710521186424645,0.0026577882060015907,0.0009366288934178523
305,1778587916.4390082,/tf map->base_footprint,map,base_footprint,1.984722841793487,-2.502698830594224,0.008700906048649268,0.0026848241323575903,0.003680202858224581,0.011668294800390269
306,1778587916.6390514,/tf map->base_footprint,map,base_footprint,2.0362987513632707,-2.5019641579731484,0.008730805571911908,0.002650790428584151,0.003032244230199208,0.015676703680512875
307,1778587916.8390098,/tf map->base_footprint,map,base_footprint,2.0879145910221544,-2.5010531318028133,0.008730833564504256,0.0026104063823544662,0.002664975008242787,0.019218658013888914
308,1778587917.0388892,/tf map->base_footprint,map,base_footprint,2.1395434079211655,-2.4999796776404333,0.008730831327975547,0.0025469159682575534,0.0027362970742703463,0.02218100202550786
309,1778587917.2389529,/tf map->base_footprint,map,base_footprint,2.1893230408828463,-2.4988093278989014,0.008723456240835186,0.0024577353397174585,0.0034178482256271205,0.024814931045595748
310,1778587917.44096,/tf map->base_footprint,map,base_footprint,2.2346592440608446,-2.497629536476356,0.008722532864689199,0.002335063028378266,0.0034398195232738455,0.0274025841947272
311,1778587917.639726,/tf map->base_footprint,map,base_footprint,2.2774262267534215,-2.496394969119957,0.008730754710189886,0.002218620331909123,0.0023568106446662574,0.028144724522541402
312,1778587917.8389947,/tf map->base_footprint,map,base_footprint,2.323462095369597,-2.4950744889208254,0.008730808776872474,0.002070140693565166,0.0019712943841656326,0.0286978547683446
313,1778587918.0389452,/tf map->base_footprint,map,base_footprint,2.3745817164406087,-2.493594436755041,0.00873080901725055,0.0019148516926129112,0.0016818454062368358,0.028994584706164128
314,1778587918.2394483,/tf map->base_footprint,map,base_footprint,2.425443453453033,-2.4921139204291194,0.008730782466780409,0.001755713573850243,0.0018513591477345563,0.029213848970582556
315,1778587918.4390318,/tf map->base_footprint,map,base_footprint,2.4770375682108865,-2.4906062119679673,0.008730717594312147,0.001596961850332389,0.0023773371410165294,0.02927750770806952
316,1778587918.6389205,/tf map->base_footprint,map,base_footprint,2.527728762579002,-2.489122633756941,0.00872276993637179,0.0014419363644218714,0.0034217388483417086,0.028992483565150818
317,1778587918.838979,/tf map->base_footprint,map,base_footprint,2.5744499793068973,-2.4880548911913194,0.008718216201742963,0.0012760251979046764,0.0034223914207279394,0.01699134252991442
318,1778587919.0388873,/tf map->base_footprint,map,base_footprint,2.6172435173531325,-2.4872903434808187,0.008730969947895396,0.0011269297434474182,0.0021506156422636553,0.0186193071806413
319,1778587919.239058,/tf map->base_footprint,map,base_footprint,2.6632959592201377,-2.4864531901389784,0.008730876124427698,0.0009673832019244813,0.0015557367800200224,0.018626703507959724
320,1778587919.4389942,/tf map->base_footprint,map,base_footprint,2.712823220828313,-2.4855387512679283,0.008730885517048792,0.000826464840682062,0.0012452141355736267,0.01865975829698988
321,1778587919.6390886,/tf map->base_footprint,map,base_footprint,2.7644592964655255,-2.4845812687968283,0.008730860382199359,0.0007009097529781981,0.001156780243053834,0.01861609508776306
322,1778587919.8390286,/tf map->base_footprint,map,base_footprint,2.8161013572842446,-2.4836219496556446,0.00873071326117607,0.0005898552218544087,0.0014778649657121727,0.018278565453006598
323,1778587920.0391319,/tf map->base_footprint,map,base_footprint,2.867749599740222,-2.482799708009838,0.008730733337810048,0.0004834273394972845,0.0022372934972973097,0.017506572978612172
324,1778587920.2389925,/tf map->base_footprint,map,base_footprint,2.9149464246548926,-2.4818943078072193,0.008699969126577105,0.00039787081908149906,0.0037755784037920045,0.0162451245098898
325,1778587920.4389658,/tf map->base_footprint,map,base_footprint,2.965626833681826,-2.4812480577732914,0.008730875882811217,0.0002974870856962438,0.0030400380840497968,0.014077734507909346
326,1778587920.639003,/tf map->base_footprint,map,base_footprint,3.004342765675097,-2.4807233332027168,0.008730969713071985,0.00022722278719699838,0.0025405265491177695,0.009570200839502451
327,1778587920.8391132,/tf map->base_footprint,map,base_footprint,3.0510540280103866,-2.480579274261432,0.008730961590074207,0.00013971463162231948,0.0025179034438261435,0.0008009627235252461
328,1778587921.038972,/tf map->base_footprint,map,base_footprint,3.1027001414272646,-2.4804976571049626,0.0087309507712299,4.751402744740064e-05,0.0025465121966431153,0.0012011013888701644
329,1778587921.2389655,/tf map->base_footprint,map,base_footprint,3.1543516334462045,-2.480412651615155,0.008730906509859577,-3.0700144372883305e-05,0.002988847623180015,0.001516226907120818
330,1778587921.4390888,/tf map->base_footprint,map,base_footprint,3.2060085560354343,-2.4803218904493654,0.008711448569810912,-9.341537156872959e-05,0.0036103575157545617,0.0017573096327677586
331,1778587921.639436,/tf map->base_footprint,map,base_footprint,3.2530049913624803,-2.480233611594764,0.00873097985171413,-0.00014298063022919207,0.0033186869722272878,0.0019277586054633475
332,1778587921.839089,/tf map->base_footprint,map,base_footprint,3.3016127627367795,-2.4801350327176133,0.00873104078278688,-0.0001792527451842685,0.00308031306509812,0.00210782972296482
333,1778587922.038949,/tf map->base_footprint,map,base_footprint,3.349542841624791,-2.480036861277663,0.008729970924384418,-0.00020502674901356718,0.0033766452864606744,0.002084650416976051
334,1778587922.2389836,/tf map->base_footprint,map,base_footprint,3.3883790663870457,-2.479957368222675,0.008724018265223095,-0.00022184320177426114,0.0033915479159973786,0.0020606065824066927
335,1778587922.4389727,/tf map->base_footprint,map,base_footprint,3.4376962024123814,-2.479856071337114,0.008730971747631672,-0.00023743228380999836,0.002832712700631591,0.002046900341759837
336,1778587922.639052,/tf map->base_footprint,map,base_footprint,3.4839823417699596,-2.4797613055489203,0.008730979909908466,-0.0002485554266461559,0.0030777588357264298,0.0020468947626208285
337,1778587922.8388867,/tf map->base_footprint,map,base_footprint,3.535630427795811,-2.4796553755770483,0.008730970510484734,-0.00025630742747316065,0.003332375512589857,0.00204906900814851
338,1778587923.0389855,/tf map->base_footprint,map,base_footprint,3.5872776800659327,-2.47954961744839,0.008728917543240825,-0.00026285153057412785,0.0033851683345632252,0.0020505841854268274
339,1778587923.23893,/tf map->base_footprint,map,base_footprint,3.6389240260917743,-2.479443671417478,0.008731017720014321,-0.00026752851506910825,0.0032694905226790675,0.0020522729898919596
340,1778587923.4390345,/tf map->base_footprint,map,base_footprint,3.6887178580793996,-2.4793416870474156,0.008717413883601772,-0.0002707354744122518,0.0035335108209873576,0.002048108818251534
341,1778587923.639084,/tf map->base_footprint,map,base_footprint,3.7254809901042685,-2.4792664176340526,0.008721942718090854,-0.00027317565426557776,0.003422048679515883,0.002045442111354078
342,1778587923.8389466,/tf map->base_footprint,map,base_footprint,3.7764091688526853,-2.479162011013893,0.008730955810439287,-0.00027532587922441434,0.0027065218908758053,0.0020473031637249536
343,1778587924.0389974,/tf map->base_footprint,map,base_footprint,3.8280507346916313,-2.479056082628404,0.00873094530442037,-0.0002759934852379,0.0023419297785071836,0.002047553133769139
344,1778587924.2397428,/tf map->base_footprint,map,base_footprint,3.8787701233267198,-2.47895211717158,0.00873080411985815,-0.00027593989262148226,0.00248130484599098,0.002044422589422718
345,1778587924.4388697,/tf map->base_footprint,map,base_footprint,3.9290248949020614,-2.478849166092912,0.008730836246393304,-0.00027531155081341786,0.0031353476839753223,0.002044782956791574
346,1778587924.6390696,/tf map->base_footprint,map,base_footprint,3.9743832615255292,-2.4787563276736155,0.008703660902888358,-0.000274791803469653,0.0036456674583521206,0.002049634119272129
347,1778587924.8391836,/tf map->base_footprint,map,base_footprint,4.025085605372802,-2.4786524861934245,0.00873090529982092,-0.0002754106495865477,0.0023881310519372,0.002048142052886499
348,1778587925.0391495,/tf map->base_footprint,map,base_footprint,4.070242951605217,-2.4785608797577803,0.008730890239558205,-0.0002747969686017485,0.00211883790212151,0.0017172228247125246
349,1778587925.2389958,/tf map->base_footprint,map,base_footprint,4.112718206446962,-2.4786259229346475,0.008730908770005836,-0.0002771955866477626,0.0019137501548497306,-0.0031868455679539497
350,1778587925.439042,/tf map->base_footprint,map,base_footprint,4.159286472982914,-2.478691797267228,0.008730735815830296,-0.0002851897008869978,0.0024477251587872607,-0.0020921044435127565
351,1778587925.6390254,/tf map->base_footprint,map,base_footprint,4.208837055691703,-2.4787568548731835,0.008730799716354813,-0.00029236313959600074,0.003274849817418953,-0.001456122778363424
352,1778587925.83897,/tf map->base_footprint,map,base_footprint,4.260485189649412,-2.478827494456062,0.008717748612491683,-0.0002970162319970906,0.0035013680309095474,-0.0013252225624367847
353,1778587926.0388906,/tf map->base_footprint,map,base_footprint,4.312126112451008,-2.4788993104025243,0.008731012835812381,-0.000299435569616574,0.0030075866314052107,-0.0013329147803592262
354,1778587926.2389996,/tf map->base_footprint,map,base_footprint,4.363771973632989,-2.478972291517168,0.00873102453564954,-0.0002992805309235721,0.0029453689425549285,-0.0013810402187232637
355,1778587926.4389205,/tf map->base_footprint,map,base_footprint,4.410776785209054,-2.479040121293967,0.008708236401137926,-0.00029807844517090287,0.003646794554382871,-0.0014316172254154212
356,1778587926.6396785,/tf map->base_footprint,map,base_footprint,4.451005732177135,-2.479099403944837,0.008731050066767465,-0.00029717534615639803,0.0031038986280561643,-0.0014864541766809922
357,1778587926.8390434,/tf map->base_footprint,map,base_footprint,4.499855449419773,-2.4791717685514927,0.008730956831884998,-0.00029568124063474006,0.002359231703973224,-0.0014841824292746025
358,1778587927.0389762,/tf map->base_footprint,map,base_footprint,4.548462760864748,-2.479243681753837,0.008730948994320777,-0.0002932613078527623,0.002183055151334423,-0.0014729300708571937
359,1778587927.2390747,/tf map->base_footprint,map,base_footprint,4.599629382908026,-2.4793192116264753,0.008730957582412345,-0.00029027245141836536,0.0022272330050232447,-0.0014702026390934681
360,1778587927.4388857,/tf map->base_footprint,map,base_footprint,4.649396879689929,-2.4793927053585563,0.008730770708999068,-0.00028728088542024635,0.002823228532113896,-0.0014721109143570328
361,1778587927.6389642,/tf map->base_footprint,map,base_footprint,4.699189653339387,-2.4794661806668787,0.008707941678953187,-0.000284402594521742,0.0036575281479908255,-0.0014729521593310245
362,1778587927.8388724,/tf map->base_footprint,map,base_footprint,4.749018550669676,-2.479550798678808,0.008730921176578348,-0.0002822790738914733,0.003090898015277532,-0.003253464663235368
363,1778587928.038947,/tf map->base_footprint,map,base_footprint,4.80018225095246,-2.480263631928379,0.008730958769616558,-0.00027876979768800224,0.0025492799686174916,-0.02940548745935224
364,1778587928.2389634,/tf map->base_footprint,map,base_footprint,4.843163124404658,-2.4821089236998297,0.008730997069401772,-0.00034057006994047924,0.0024042899852173417,-0.053412988486270234
365,1778587928.4392397,/tf map->base_footprint,map,base_footprint,4.894876024647793,-2.4858014049252577,0.008730928833109374,-0.0004803189668123374,0.0025667107971822627,-0.08962234519166802
366,1778587928.6390264,/tf map->base_footprint,map,base_footprint,4.946185924105548,-2.491171019122922,0.008730826066107141,-0.0007402529003758985,0.0032366573590432487,-0.12019584359863199
367,1778587928.8389888,/tf map->base_footprint,map,base_footprint,4.998814637523621,-2.4987772852325505,0.008719081072841068,-0.0010479785727011885,0.0034972866589145584,-0.17603077330638767
368,1778587929.0396194,/tf map->base_footprint,map,base_footprint,5.050823445827969,-2.509817101130653,0.00873104329681067,-0.0014601372181106437,0.003031474566178803,-0.26196827018326735
369,1778587929.2389352,/tf map->base_footprint,map,base_footprint,5.099733344775016,-2.5255482387568886,0.008731048225370144,-0.0020427122739991835,0.0030189937662095487,-0.34937500380357334
370,1778587929.439151,/tf map->base_footprint,map,base_footprint,5.147357821108519,-2.5455783714852145,0.008731082680175063,-0.002835179425021952,0.003300990074877763,-0.45094506069282553
371,1778587929.6392093,/tf map->base_footprint,map,base_footprint,5.191744562257527,-2.57043806454479,0.00869771957402235,-0.0032480390764211314,0.0037697325523813473,-0.5708162785356234
372,1778587929.838992,/tf map->base_footprint,map,base_footprint,5.226482573421971,-2.594913662067212,0.008722015594079756,-0.00306855087232994,0.003208789829301267,-0.6544950695389258
373,1778587930.0388956,/tf map->base_footprint,map,base_footprint,5.265499817931994,-2.627717938940022,0.008731111848039042,-0.0027689014043595773,0.0028312333333469957,-0.7392395572744064
374,1778587930.2391064,/tf map->base_footprint,map,base_footprint,5.302710821968335,-2.6637544769289465,0.008726458974944201,-0.0029846835169919927,0.002889342314802155,-0.7951555045134352
375,1778587930.4390914,/tf map->base_footprint,map,base_footprint,5.337621396830766,-2.701072974384991,0.008715484433546243,-0.002984062486823115,0.0035133861928813206,-0.8371813667446244
376,1778587930.639275,/tf map->base_footprint,map,base_footprint,5.372474040800644,-2.740281715807726,0.008728186841788122,-0.002935480363691921,0.003297225616360841,-0.845700924316668
377,1778587930.838954,/tf map->base_footprint,map,base_footprint,5.406465203266275,-2.7787167196008076,0.00872970984749091,-0.0028929386745426056,0.0030222029526688512,-0.8469581567465437
378,1778587931.0390525,/tf map->base_footprint,map,base_footprint,5.441326689314145,-2.8177408384428793,0.008731037633124534,-0.0028608087959690887,0.003122912746729425,-0.8376130237079967
379,1778587931.2390985,/tf map->base_footprint,map,base_footprint,5.4691785039254155,-2.8484401484585486,0.008712313932471297,-0.0028513143866852235,0.003594745373468894,-0.8313745786113804
380,1778587931.4400423,/tf map->base_footprint,map,base_footprint,5.503520318539879,-2.8861333604396737,0.00873110643855254,-0.0027915080115916906,0.0031922254784734687,-0.8310132742072089
381,1778587931.6389298,/tf map->base_footprint,map,base_footprint,5.538869085946026,-2.924035908622024,0.008731084222416382,-0.0027020003845839966,0.0030717030141261467,-0.8075739698257288
382,1778587931.8390617,/tf map->base_footprint,map,base_footprint,5.575729426143004,-2.9615433310777357,0.008728803505162462,-0.002517801046874491,0.003368790588482132,-0.7767234248625935
383,1778587932.0389583,/tf map->base_footprint,map,base_footprint,5.613331970246759,-2.9977692204467568,0.00872416232206958,-0.0022096239225549838,0.003428117060661065,-0.7594753688232394
384,1778587932.2389925,/tf map->base_footprint,map,base_footprint,5.650817838437776,-3.0328826682018093,0.008731075907063448,-0.0018575520715027884,0.0032930163351709138,-0.7392686618213083
385,1778587932.4389238,/tf map->base_footprint,map,base_footprint,5.688944552239023,-3.066409168774239,0.008721245896275764,-0.0014478516755635957,0.003409174992807309,-0.7066950851038253
386,1778587932.6389542,/tf map->base_footprint,map,base_footprint,5.721570662006869,-3.0934689983972303,0.008731062953025339,-0.0010680139888075142,0.003302602777770726,-0.6791292967344782
387,1778587932.8388643,/tf map->base_footprint,map,base_footprint,5.7629005794934365,-3.1265327053810776,0.008731026505963732,-0.0006065824399972738,0.003323438991955653,-0.6627229016676598
388,1778587933.0388887,/tf map->base_footprint,map,base_footprint,5.804310949807864,-3.158156773175011,0.008723817097214096,-0.00017351761064835348,0.0033825043629332296,-0.6437884086818416
389,1778587933.2390835,/tf map->base_footprint,map,base_footprint,5.846301180643348,-3.188983973031554,0.008723380286719092,0.00021796506718329268,0.0033837636208387603,-0.6217327122575472
390,1778587933.4391954,/tf map->base_footprint,map,base_footprint,5.889187609449527,-3.219479240567676,0.008729350720317256,0.0005687604827754587,0.0033650658108732557,-0.6063699241555583
391,1778587933.6389816,/tf map->base_footprint,map,base_footprint,5.932980595277944,-3.248689612809444,0.008721093134772913,0.0008865761281254519,0.0034156276237739805,-0.5722915303500676
392,1778587933.8391416,/tf map->base_footprint,map,base_footprint,5.976479526208597,-3.2760024919819313,0.008730946698426667,0.0011883492556040373,0.003328116229482115,-0.5412911621596634
393,1778587934.0390475,/tf map->base_footprint,map,base_footprint,6.02176977967276,-3.3026707082494258,0.008730882327681069,0.001504912276322833,0.0033426011524565103,-0.5278169907005674
394,1778587934.2398891,/tf map->base_footprint,map,base_footprint,6.059626695058843,-3.324647817835078,0.008723658117261909,0.0017355225709208993,0.00339913781757936,-0.522411510226236
395,1778587934.4389122,/tf map->base_footprint,map,base_footprint,6.105213681784048,-3.3514926818273616,0.008726400063616446,0.0019214984844213622,0.003383650090183162,-0.5377708904646279
396,1778587934.638886,/tf map->base_footprint,map,base_footprint,6.148911063691855,-3.3779688850323097,0.008723538013833758,0.001977565897628947,0.003408672290767723,-0.5497422775880454
397,1778587934.83897,/tf map->base_footprint,map,base_footprint,6.193301229554304,-3.406329549259193,0.008725277695274546,0.001926291207134551,0.0033688524408401143,-0.5960224786049387
398,1778587935.0389302,/tf map->base_footprint,map,base_footprint,6.234072766807589,-3.4349646683325936,0.008716252444689866,0.0017011858674547888,0.0034874723986300267,-0.6335805249479353
399,1778587935.2389944,/tf map->base_footprint,map,base_footprint,6.273474136980403,-3.4652017663286943,0.008730900566938215,0.0013614333151539346,0.003111458054259087,-0.6796368497996604
400,1778587935.4389799,/tf map->base_footprint,map,base_footprint,6.3122636953556315,-3.4975177389175185,0.008730931965606323,0.000899389519440044,0.003076719271320691,-0.71068232764822
401,1778587935.6389785,/tf map->base_footprint,map,base_footprint,6.350806862404438,-3.5321962561606983,0.008722780139058492,0.0003734181750999065,0.003390149201136843,-0.7515535906955483
402,1778587935.8390121,/tf map->base_footprint,map,base_footprint,6.379940313256582,-3.5601727110189785,0.008711446001003195,-9.874885052340505e-05,0.003534885726240845,-0.7820469629777025
403,1778587936.0391982,/tf map->base_footprint,map,base_footprint,6.415517555274725,-3.5969910571998907,0.008730937251893476,-0.0006183576314498932,0.002755838089166614,-0.8225998478484182
404,1778587936.239119,/tf map->base_footprint,map,base_footprint,6.452738479001142,-3.6334715156008333,0.00873094850934477,-0.0010195016732169303,0.002307133861579165,-0.8581836922528712
405,1778587936.4390388,/tf map->base_footprint,map,base_footprint,6.489178631718525,-3.671500164735218,0.008730964196407797,-0.0013027608355058921,0.0021685613360540546,-0.9374651556070037
406,1778587936.638943,/tf map->base_footprint,map,base_footprint,6.519353315133823,-3.7136131125819367,0.008730955689522703,-0.0018426994732483831,0.002356608644916381,-1.0606619034414697
407,1778587936.838911,/tf map->base_footprint,map,base_footprint,6.541508753026896,-3.7611706156572517,0.008731020895907046,-0.002793465856161576,0.0026670448247007616,-1.2094161426032615
408,1778587937.0389338,/tf map->base_footprint,map,base_footprint,6.5559752289498565,-3.809134955256653,0.008716610669319636,-0.0033732404975163484,0.003304215064212218,-1.3438740287860782
409,1778587937.2391818,/tf map->base_footprint,map,base_footprint,6.564598602841131,-3.8601222595935867,0.008713201945917227,-0.002980532778021245,0.00356344627677844,-1.4575198384335233
410,1778587937.43891,/tf map->base_footprint,map,base_footprint,6.567434915808222,-3.904256077395824,0.008729680451845264,-0.002895201393003609,0.0026122627816190292,-1.5568995568337465
411,1778587937.639439,/tf map->base_footprint,map,base_footprint,6.564597700775282,-3.957135702405898,0.008725189776603817,-0.003003439747286931,0.001520714975255381,-1.696486067450752
412,1778587937.8389127,/tf map->base_footprint,map,base_footprint,6.554215940582036,-4.008514427779823,0.008727314518968564,-0.0029488262490049875,0.0006225299124016637,-1.8436272979075048
413,1778587938.0390155,/tf map->base_footprint,map,base_footprint,6.537748537200416,-4.0545724719180685,0.008727395619098207,-0.0029510696238205097,0.000266506960578579,-1.9799617316974316
414,1778587938.238962,/tf map->base_footprint,map,base_footprint,6.513983454133126,-4.100897639093122,0.008724784939141654,-0.0030125613101786345,-4.250768984171617e-06,-2.1162126622257675
415,1778587938.4389858,/tf map->base_footprint,map,base_footprint,6.485182020444183,-4.142215745762346,0.008728312388917922,-0.00292643156990351,0.00022709217527035547,-2.240722601273519
416,1778587938.6390216,/tf map->base_footprint,map,base_footprint,6.4512753460832535,-4.1800215776852445,0.008723870777599377,-0.0030366720822077734,0.0007782697033958101,-2.364105408874563
417,1778587938.8388948,/tf map->base_footprint,map,base_footprint,6.419668519864203,-4.20828705195914,0.008725351627402525,-0.002997843882429189,0.0015954100406605255,-2.4571069082576997
418,1778587939.0390627,/tf map->base_footprint,map,base_footprint,6.379812246681348,-4.237436869762338,0.008725325385908006,-0.0030037765354384016,0.003156316657731613,-2.56331649040451
419,1778587939.238963,/tf map->base_footprint,map,base_footprint,6.335481904231059,-4.2633141483329,0.008706727055625281,-0.0032190870302236585,0.0035935099540263344,-2.6609036846926446
420,1778587939.438931,/tf map->base_footprint,map,base_footprint,6.288640048724088,-4.284697130486993,0.008729363876367911,-0.002880947434688805,0.0026423139620724368,-2.7667048639579988
421,1778587939.6391482,/tf map->base_footprint,map,base_footprint,6.242018983489894,-4.300275670187354,0.008730844215825284,-0.0028779543084150924,0.0022046994784247925,-2.873542460978532
422,1778587939.8390722,/tf map->base_footprint,map,base_footprint,6.192493393164219,-4.311317308493836,0.008722550529438988,-0.0030706057772350048,0.0019248924301778468,-2.9645733477443192
423,1778587940.0390637,/tf map->base_footprint,map,base_footprint,6.142390719039323,-4.318257037066688,0.008728813024519584,-0.0029141593499110168,0.001998936816924189,-3.0429804278311563
424,1778587940.2389581,/tf map->base_footprint,map,base_footprint,6.091727202675253,-4.3216369109395805,0.008726939707471923,-0.002967627313390581,0.002355400606948915,-3.1019391905225575
425,1778587940.4389544,/tf map->base_footprint,map,base_footprint,6.049263483705122,-4.322440003570716,0.008726830138196497,-0.002964485310575014,0.002819134219339236,3.141257779808769
426,1778587940.6389427,/tf map->base_footprint,map,base_footprint,5.998640519788634,-4.321252017515827,0.008714718210475998,-0.002924317980586085,0.003533759475369968,3.0975514988319746
427,1778587940.8389964,/tf map->base_footprint,map,base_footprint,5.947916446054322,-4.3182494219224195,0.008725639497424578,-0.002993344425164032,0.0031237238782892284,3.071207698911886
428,1778587941.0388463,/tf map->base_footprint,map,base_footprint,5.897008846376856,-4.313873874478905,0.008731030195132748,-0.0028419896813783713,0.0024564097905284323,3.0433975665150603
429,1778587941.2388625,/tf map->base_footprint,map,base_footprint,5.846880844220733,-4.308604825767516,0.008731029767468932,-0.002852488221725087,0.0020208885862972544,3.0320192484452075
430,1778587941.438965,/tf map->base_footprint,map,base_footprint,5.795206477850473,-4.302301469911419,0.008728648768163039,-0.0029205776046560593,0.0016867035934771603,3.011874857922379
431,1778587941.6388419,/tf map->base_footprint,map,base_footprint,5.749820693056948,-4.295581258044778,0.008730876026254884,-0.002858612594807872,0.0022206946298575707,2.9780211639897205
432,1778587941.8390796,/tf map->base_footprint,map,base_footprint,5.700699193327843,-4.285487990804717,0.008728716199837824,-0.0029198841079894466,0.002972695169672898,2.9109806889674417
433,1778587942.0389872,/tf map->base_footprint,map,base_footprint,5.666910037145052,-4.276403981225435,0.008700044230994679,-0.0029823296996122203,0.0037665758142464444,2.850859424480025
434,1778587942.2391255,/tf map->base_footprint,map,base_footprint,5.628381717260379,-4.264100726394448,0.008726249440382635,-0.002974833778347612,0.0031653083488205882,2.8159167496767226
435,1778587942.4392097,/tf map->base_footprint,map,base_footprint,5.58351879584948,-4.2486559697946324,0.008731028322691544,-0.0027849081062537003,0.0023084318014573012,2.814632322500253
436,1778587942.6390631,/tf map->base_footprint,map,base_footprint,5.540420610709684,-4.234648079628268,0.00873099712565135,-0.002723666954183166,0.002224142504983019,2.8467182274816394
437,1778587942.8389199,/tf map->base_footprint,map,base_footprint,5.494570197079691,-4.222137595240817,0.00873101318344499,-0.0025686133910104033,0.0025917841513271897,2.901774967991642
438,1778587943.0390463,/tf map->base_footprint,map,base_footprint,5.4440031175958286,-4.2111870881959215,0.008730897943780108,-0.0022352188469414785,0.0029599717258002966,2.9553714047764132
439,1778587943.2390356,/tf map->base_footprint,map,base_footprint,5.3968262891864525,-4.203581334631816,0.008697921111569964,-0.0017170293714505438,0.003725299228477534,3.00710903241673
440,1778587943.439039,/tf map->base_footprint,map,base_footprint,5.355794368783621,-4.198639304604114,0.008731233928175106,-0.0012503443566644304,0.0029184660779648175,3.0330674007533283
441,1778587943.638964,/tf map->base_footprint,map,base_footprint,5.305740758756936,-4.19404923727933,0.008730876480763275,-0.0006965985874486951,0.00199654007125584,3.065913721875681
442,1778587943.8389976,/tf map->base_footprint,map,base_footprint,5.254168321543164,-4.190989147698116,0.008730874403712957,-0.00015114556156159761,0.0013299471722705968,3.0983519560753696
443,1778587944.0389588,/tf map->base_footprint,map,base_footprint,5.203105961764207,-4.189560823777952,0.008730849744667809,0.00037015457900000466,0.00105592474588719,3.127230730840159
444,1778587944.2391217,/tf map->base_footprint,map,base_footprint,5.154736039710956,-4.1890889836593255,0.008730634867792651,0.0008577255249670552,0.0014649099249819896,3.134707612173183
445,1778587944.438811,/tf map->base_footprint,map,base_footprint,5.109052481686176,-4.189091758390737,0.008730675264734745,0.0012565847182882972,0.0026661302970384555,-3.136686529613004
446,1778587944.6388478,/tf map->base_footprint,map,base_footprint,5.057584655385744,-4.189158012063801,0.00870639950678991,0.001556706642411274,0.0037042041564393394,3.1360017680425627
447,1778587944.8393495,/tf map->base_footprint,map,base_footprint,5.014807081265336,-4.1887612256646145,0.008730759664433268,0.0016656079856448925,0.003250297222044331,3.128036379450615
448,1778587945.0390515,/tf map->base_footprint,map,base_footprint,4.963205819481472,-4.187761963976876,0.008730844225117839,0.0017041423977147568,0.002593401168040028,3.117000717630942
449,1778587945.239155,/tf map->base_footprint,map,base_footprint,4.91161166322664,-4.18636771495671,0.00873092119718265,0.0016533694625560078,0.0023661260121754933,3.113644158160242
450,1778587945.4391425,/tf map->base_footprint,map,base_footprint,4.860469498665053,-4.184796015229611,0.008730830246645947,0.001549323203197324,0.002636529173383756,3.1086104072637823
451,1778587945.6389992,/tf map->base_footprint,map,base_footprint,4.808844286689951,-4.183131121879564,0.008730716850781412,0.0014152339553834292,0.003327688733808447,3.1090316593469045
452,1778587945.8388937,/tf map->base_footprint,map,base_footprint,4.7590823007909195,-4.181522254961411,0.008709674435209641,0.0012751342683487489,0.003557168670075181,3.1091803446712865
453,1778587946.038993,/tf map->base_footprint,map,base_footprint,4.711434239925949,-4.179979511669677,0.008730883809109302,0.0011360815009907542,0.003013614314276798,3.1092153234707904
454,1778587946.2390938,/tf map->base_footprint,map,base_footprint,4.660301174382967,-4.178322274176467,0.008730916970899977,0.0010046713588578052,0.002668194913905792,3.10919167888223
455,1778587946.4390368,/tf map->base_footprint,map,base_footprint,4.618457598497617,-4.176965206135496,0.008730734783301183,0.0009027398699288412,0.002781007755531757,3.109157216082564
456,1778587946.6391382,/tf map->base_footprint,map,base_footprint,4.568671111663608,-4.1754593068447186,0.008722675290041396,0.000788305246576777,0.0034042252146577645,3.1156670807547893
457,1778587946.8389206,/tf map->base_footprint,map,base_footprint,4.517980521610587,-4.174187977729967,0.008715623295859985,0.0007009697046142246,0.0034901560433593243,3.1182220808812535
458,1778587947.038879,/tf map->base_footprint,map,base_footprint,4.473793474044207,-4.173133146048876,0.008720329600176116,0.0006263164464689105,0.0034243705572016537,3.1175227973096993
459,1778587947.2389417,/tf map->base_footprint,map,base_footprint,4.42334131646785,-4.17192004798903,0.0087309575378116,0.0005558504368921813,0.0030791007917455376,3.1172698679674156
460,1778587947.438933,/tf map->base_footprint,map,base_footprint,4.378214411877938,-4.170829122126781,0.008712062074411145,0.0004873563368011489,0.0035842644111078016,3.117243600138571
461,1778587947.638915,/tf map->base_footprint,map,base_footprint,4.328695712479278,-4.169628282041202,0.008730906211789295,0.0004228675892557912,0.002984635005411919,3.1172399770179737
462,1778587947.839054,/tf map->base_footprint,map,base_footprint,4.277533080549003,-4.168385641737844,0.008730923529322577,0.000362470758223701,0.0024774181216032838,3.1172538796001774
463,1778587948.0388172,/tf map->base_footprint,map,base_footprint,4.235209038278017,-4.167357068455319,0.008730933648014205,0.0003151740304971961,0.0024087900266810767,3.117302283658855
464,1778587948.2396662,/tf map->base_footprint,map,base_footprint,4.184506712187944,-4.166125081436808,0.008730876218156448,0.0002621287348278591,0.0027370901934783147,3.11730432787894
465,1778587948.4389513,/tf map->base_footprint,map,base_footprint,4.138447227765181,-4.165005932881929,0.00869728634462117,0.00021173879457759133,0.0037539460619684683,3.1173037455045316
466,1778587948.6389441,/tf map->base_footprint,map,base_footprint,4.088928940918865,-4.163803167023707,0.008730879074983048,0.00016444615530321132,0.0028432652966252545,3.1173027393087156
467,1778587948.838978,/tf map->base_footprint,map,base_footprint,4.041951501066627,-4.162661911018595,0.008730915189723784,0.00012056818441271047,0.0023276390663198553,3.117297653952438
468,1778587949.0390766,/tf map->base_footprint,map,base_footprint,3.9933713381693785,-4.161510310706199,0.008730914388534046,7.892100713322484e-05,0.0022521937747277403,3.120796419402681
469,1778587949.238919,/tf map->base_footprint,map,base_footprint,3.942840721048256,-4.160759473299059,0.008730874605092141,6.0737931445155094e-05,0.0024449860114931013,3.1282310915220566
470,1778587949.4393585,/tf map->base_footprint,map,base_footprint,3.8911888772109355,-4.159980229679265,0.008730752764810307,5.589117307658007e-05,0.0029821163352465514,3.127533878767303
471,1778587949.6389558,/tf map->base_footprint,map,base_footprint,3.847925328916077,-4.159331941611845,0.008708205707055177,5.087493865693264e-05,0.003586181342087464,3.1265159657454697
472,1778587949.8390105,/tf map->base_footprint,map,base_footprint,3.79908405732505,-4.158597345318056,0.008730943933876667,3.999645536171267e-05,0.003314142734906086,3.1263062675040807
473,1778587950.0390146,/tf map->base_footprint,map,base_footprint,3.7504895611361735,-4.15785738710765,0.008731004850615651,2.3438750848634544e-05,0.0031408918732704284,3.126215723506672
474,1778587950.2389593,/tf map->base_footprint,map,base_footprint,3.7022676257220954,-4.157222323893776,0.008720335675262984,6.1850384418460555e-06,0.0034626419080516584,3.1319169168693866
475,1778587950.4391165,/tf map->base_footprint,map,base_footprint,3.656536185870992,-4.1566939073298546,0.008730715118199226,-3.030776898191004e-06,0.0032132972667616943,3.130216179054571
476,1778587950.6389523,/tf map->base_footprint,map,base_footprint,3.604916173306658,-4.156336106872376,0.008730859577376144,-1.0548352080983962e-05,0.00221890505799729,3.135248815685147
477,1778587950.8390572,/tf map->base_footprint,map,base_footprint,3.5532858780160113,-4.155958933364205,0.008730877180357734,-1.323674749670056e-05,0.001623474742802199,3.135561939527872
478,1778587951.0390773,/tf map->base_footprint,map,base_footprint,3.5104876495747077,-4.15567019767113,0.00873094259636769,-1.6001143020065363e-05,0.001454989570140357,3.135188097961387
479,1778587951.2389445,/tf map->base_footprint,map,base_footprint,3.4611628205467637,-4.155350928709684,0.008730706608394787,-2.2064875095929864e-05,0.0018222078137545672,3.1350640037197075
480,1778587951.4388087,/tf map->base_footprint,map,base_footprint,3.414870058899472,-4.155051657016829,0.008730766440017336,-3.141014913294582e-05,0.003031448963225971,3.1350913449550166
481,1778587951.6388867,/tf map->base_footprint,map,base_footprint,3.36507649661541,-4.154732313881603,0.008701340207484812,-4.3014328966202686e-05,0.0037573724807307644,3.1351232151706196
482,1778587951.8390193,/tf map->base_footprint,map,base_footprint,3.3197280605804247,-4.154441608841151,0.008730937735120325,-5.834039590883632e-05,0.003048285278067019,3.135157662984614
483,1778587952.0388882,/tf map->base_footprint,map,base_footprint,3.2685612719252055,-4.154114847640975,0.008730886797780977,-7.40140399432056e-05,0.0022210963888309545,3.1351817702452975
484,1778587952.238981,/tf map->base_footprint,map,base_footprint,3.217852150570153,-4.153790972176561,0.008730913976163985,-8.99951737007809e-05,0.0018412696291042253,3.1351994005162074
485,1778587952.4393058,/tf map->base_footprint,map,base_footprint,3.1671387863929854,-4.153467409762173,0.008730915872966755,-0.0001047334711967658,0.0018923196466387245,3.135206128985474
486,1778587952.6389449,/tf map->base_footprint,map,base_footprint,3.1243300477432756,-4.153194180205466,0.008730777381468949,-0.00011674252682234152,0.002220637251341183,3.1352093088445074
487,1778587952.8389397,/tf map->base_footprint,map,base_footprint,3.078253515974781,-4.152899987682283,0.008714311603755522,-0.00013041864557767854,0.0035180860570763967,3.135206823634054
488,1778587953.039248,/tf map->base_footprint,map,base_footprint,3.0268477638324836,-4.152708796982777,0.00872800039676024,-0.00014327691464688532,0.003360950441959872,-3.139764570285438
489,1778587953.239094,/tf map->base_footprint,map,base_footprint,2.9807599011460115,-4.152799254574985,0.008730971829802378,-0.00013508805192783582,0.0032364550214409827,-3.139462347285104
490,1778587953.4389513,/tf map->base_footprint,map,base_footprint,2.9312823365770027,-4.153157622185679,0.008723336512978734,-0.00011871482979022556,0.003400499671950851,-3.132321119421687
491,1778587953.6389396,/tf map->base_footprint,map,base_footprint,2.884264546681588,-4.153491468764104,0.008718077036381005,-9.838724371195641e-05,0.0034521399186765284,-3.1335263946185523
492,1778587953.8389115,/tf map->base_footprint,map,base_footprint,2.834049229654143,-4.1538661314377645,0.00873099389417493,-8.470019990261367e-05,0.002884135326964387,-3.133941747333524
493,1778587954.0388038,/tf map->base_footprint,map,base_footprint,2.7949827197764336,-4.154165596876918,0.008730842318596346,-7.882555220759167e-05,0.0029729894049888867,-3.1341630672967398
494,1778587954.2391036,/tf map->base_footprint,map,base_footprint,2.7482550599498237,-4.154530772784139,0.008723165804516448,-7.660432628417786e-05,0.0034177466380839916,-3.133771954829212
495,1778587954.4393227,/tf map->base_footprint,map,base_footprint,2.6993982760897905,-4.154915532773387,0.008720415342632296,-7.860825982128435e-05,0.0034226379299866286,-3.1337348664064897
496,1778587954.6390228,/tf map->base_footprint,map,base_footprint,2.650792988035707,-4.15529885935631,0.008730957519176595,-8.357624437240655e-05,0.0030972345852223145,-3.1337100427997653
497,1778587954.8390343,/tf map->base_footprint,map,base_footprint,2.603114493788353,-4.155674650696357,0.008730914701503903,-9.290788622443884e-05,0.0030661385758744453,-3.133704033562966
498,1778587955.0390081,/tf map->base_footprint,map,base_footprint,2.557772899535703,-4.1560323807049455,0.008715166200786138,-0.00010319874301661542,0.0034707300764754375,-3.1336937416659305
499,1778587955.2389028,/tf map->base_footprint,map,base_footprint,2.5061363220616917,-4.156439957198995,0.008730961153785865,-0.00011508829728455802,0.002958824348986259,-3.133697212514988
500,1778587955.4390302,/tf map->base_footprint,map,base_footprint,2.4544923512027155,-4.156847576022875,0.008730968745437112,-0.00012761307108527737,0.002818328687622693,-3.1336996311771945
501,1778587955.6389334,/tf map->base_footprint,map,base_footprint,2.411683160481319,-4.15718528832696,0.008730963655217517,-0.00013812562025176044,0.0030315072070032393,-3.133705144739765
502,1778587955.8389125,/tf map->base_footprint,map,base_footprint,2.3604957808743037,-4.157588933629526,0.008713894727962914,-0.0001498155875340258,0.003533409008479381,-3.1337075207480494
503,1778587956.0390193,/tf map->base_footprint,map,base_footprint,2.3093232651184823,-4.157992487338476,0.00873098225361541,-0.0001606370070558166,0.0032223318907587052,-3.13370725870704
504,1778587956.238906,/tf map->base_footprint,map,base_footprint,2.2586126785215477,-4.158392382369295,0.008730994413291311,-0.00017078966458251388,0.0031563545918673833,-3.1337064524581
505,1778587956.4389544,/tf map->base_footprint,map,base_footprint,2.2088244555959857,-4.158784986248081,0.00871028447016159,-0.00018042377928410903,0.0035489723808990493,-3.1337086049242626
506,1778587956.638943,/tf map->base_footprint,map,base_footprint,2.1611514020027873,-4.159160891066515,0.008730921135245847,-0.00018962205100697915,0.003146077617455462,-3.13370503208238
507,1778587956.8388999,/tf map->base_footprint,map,base_footprint,2.111850954203736,-4.159549698853527,0.008730994664506405,-0.0001981829384153918,0.002622580627892619,-3.1337087097798277
508,1778587957.0389931,/tf map->base_footprint,map,base_footprint,2.0672123459547653,-4.15990150934743,0.008730905578600139,-0.00020539303511648343,0.0030658535697159345,-3.1337105654972617
509,1778587957.239051,/tf map->base_footprint,map,base_footprint,2.0244080342227195,-4.160239145339934,0.008723823803143028,-0.00021051899971412177,0.003379251046622458,-3.1337101958571556
510,1778587957.4388378,/tf map->base_footprint,map,base_footprint,1.972764092086979,-4.160646271443824,0.008723627691051549,-0.00021677170894374183,0.0034251791084823884,-3.133710419955315
511,1778587957.6391747,/tf map->base_footprint,map,base_footprint,1.9211218462042912,-4.161053518858803,0.008730995090379928,-0.00022262843065613342,0.0032168960820710114,-3.1337114977187674
512,1778587957.838909,/tf map->base_footprint,map,base_footprint,1.870434499179526,-4.161237748270774,0.008718829562300051,-0.00023003966608732817,0.0034981290110254375,3.138116150686347
513,1778587958.0389836,/tf map->base_footprint,map,base_footprint,1.8193256387598766,-4.1608432167243246,0.008730439086254711,-0.0002680363983645181,0.0033206668779065265,3.127609025499705
514,1778587958.2389169,/tf map->base_footprint,map,base_footprint,1.7684003323503918,-4.1594130309676265,0.008731024171075097,-0.0003374788452042241,0.0032849333620250864,3.0953030699425828
515,1778587958.4388788,/tf map->base_footprint,map,base_footprint,1.7186727240106423,-4.156471886765553,0.008711307354887121,-0.0004920092266356149,0.0035364511763172203,3.0753599017008866
516,1778587958.6388226,/tf map->base_footprint,map,base_footprint,1.6726116188690223,-4.153326777411424,0.008730979065327306,-0.0006524780162007485,0.0032208900448664622,3.0684905879782947
517,1778587958.8390186,/tf map->base_footprint,map,base_footprint,1.6303160219573432,-4.150140521493806,0.008731034114708342,-0.0007843929575561019,0.0028071816914967285,3.06766359259516
518,1778587959.0388582,/tf map->base_footprint,map,base_footprint,1.5793680189782382,-4.146336465552837,0.008730985185576853,-0.0009068167805944197,0.002700952044474803,3.06623682452514
519,1778587959.2389467,/tf map->base_footprint,map,base_footprint,1.5284131364045468,-4.142490205305746,0.008730889201035479,-0.0009828465469432345,0.0030414136734672956,3.0656151453382705
520,1778587959.4389822,/tf map->base_footprint,map,base_footprint,1.477455784274756,-4.138612732748146,0.008706247856032974,-0.0010134406847063092,0.0036557633400967444,3.0653189040986026
521,1778587959.6389484,/tf map->base_footprint,map,base_footprint,1.4320736140758685,-4.13513895274295,0.008731036350177086,-0.0010023563952518168,0.0032927334878355458,3.064874034606111
522,1778587959.838977,/tf map->base_footprint,map,base_footprint,1.3824964857335156,-4.13138153579293,0.008730984236846632,-0.0009711571439594433,0.0027083783854033564,3.070720021742747
523,1778587960.038953,/tf map->base_footprint,map,base_footprint,1.335584335711642,-4.128331651446323,0.008730918303930872,-0.0009037453466582293,0.00282350477289985,3.081325286136022
524,1778587960.2390945,/tf map->base_footprint,map,base_footprint,1.295407020779674,-4.126079679960899,0.00873098211086425,-0.0008168599585494149,0.003280913285428056,3.0871305101131403
525,1778587960.4389873,/tf map->base_footprint,map,base_footprint,1.243814230943846,-4.1235505705437685,0.008722813228659042,-0.0006940316075080608,0.0033836977296021454,3.0994612062395457
526,1778587960.638981,/tf map->base_footprint,map,base_footprint,1.193331714518364,-4.121408031685473,0.008731052098697692,-0.0005488688899627283,0.0032763802263294233,3.098564060466131
527,1778587960.8389838,/tf map->base_footprint,map,base_footprint,1.1426303452895685,-4.1193820645635695,0.008728554022265075,-0.0004204742613056459,0.00335109365460359,3.104158784930884
528,1778587961.0391426,/tf map->base_footprint,map,base_footprint,1.0954830728447273,-4.117866986319023,0.008715603421090965,-0.0002977066675403311,0.003488178203092466,3.110739357353877
529,1778587961.2389994,/tf map->base_footprint,map,base_footprint,1.0469204310388447,-4.1163280682153625,0.008730974818447673,-0.0001966598718662428,0.0029744696226406096,3.1124325802562756
530,1778587961.4391465,/tf map->base_footprint,map,base_footprint,0.9990291418389993,-4.114842341323313,0.008730932965847173,-0.00011209997720444781,0.0029006409190680702,3.106785083386204
531,1778587961.639141,/tf map->base_footprint,map,base_footprint,0.9495156642385477,-4.113203820538407,0.008730944980494674,-6.315840325252909e-05,0.0032326209304026766,3.1115147021463874
532,1778587961.8391259,/tf map->base_footprint,map,base_footprint,0.9062420054604164,-4.112148626933644,0.008719572993995185,-2.3825573657830046e-05,0.0034476275706315806,3.121438186321072
533,1778587962.03898,/tf map->base_footprint,map,base_footprint,0.8546184257390269,-4.11113404828654,0.008731015537644693,3.119242492389093e-05,0.003229866617549887,3.1213560547704686
534,1778587962.2390385,/tf map->base_footprint,map,base_footprint,0.802989210840626,-4.110114672485131,0.008730987429559963,6.861744891625201e-05,0.003334756652065359,3.1215367892621506
535,1778587962.4390192,/tf map->base_footprint,map,base_footprint,0.7539865279718135,-4.109346726520453,0.008715880689681847,9.182041731923072e-05,0.0034814921867228938,3.1308765701875316
536,1778587962.6389832,/tf map->base_footprint,map,base_footprint,0.7082129619036256,-4.108776591034968,0.00873092361199394,0.00011856395807384297,0.0031562480828527858,3.1287274135721925
537,1778587962.8391056,/tf map->base_footprint,map,base_footprint,0.6584324131263865,-4.108161855628503,0.008730944033723532,0.00012909971987787132,0.0027991786679648894,3.128855900236066
538,1778587963.0390098,/tf map->base_footprint,map,base_footprint,0.6107530637950778,-4.107574172048782,0.008730943156985718,0.00012762696221266907,0.0031596706056360186,3.1290894280328856
539,1778587963.239352,/tf map->base_footprint,map,base_footprint,0.5605300487393324,-4.106958639274281,0.00871403060281364,0.00011643476605784683,0.0035315950812603697,3.129281467608315
540,1778587963.4389942,/tf map->base_footprint,map,base_footprint,0.5186708006385986,-4.106449561707098,0.008725341785223963,0.0001016994964122367,0.0033742865112573865,3.129425769858922
541,1778587963.6395516,/tf map->base_footprint,map,base_footprint,0.4688995216164003,-4.105928859271954,0.008719410682684477,8.363196492683169e-05,0.0034696274710867827,3.131084327496759
542,1778587963.8388498,/tf map->base_footprint,map,base_footprint,0.4182062451207463,-4.105401119099513,0.00872642791954012,6.527903983734013e-05,0.0033990689359273065,3.13134861924525
543,1778587964.040035,/tf map->base_footprint,map,base_footprint,0.37400425041186947,-4.104940600401974,0.008719770634612805,4.4658656361090714e-05,0.003482440087357864,3.131314178206356
544,1778587964.2391083,/tf map->base_footprint,map,base_footprint,0.32399638244667894,-4.10453860808934,0.00873097502298466,2.0203182926922334e-05,0.002724402322585368,3.139924774540415
545,1778587964.4390159,/tf map->base_footprint,map,base_footprint,0.2786990995238482,-4.1045502130526375,0.008730785609830451,2.1701567216407688e-05,0.002846752941517961,3.1399846084427527
546,1778587964.6389065,/tf map->base_footprint,map,base_footprint,0.2291716916782244,-4.104521890057041,0.008730915857821552,2.302139226780721e-05,0.0031672356643471723,3.141247208896611
547,1778587964.8390503,/tf map->base_footprint,map,base_footprint,0.18589541134457402,-4.104497125868222,0.00871416752825972,2.153230718544691e-05,0.0034948629819273164,3.141569361577224
548,1778587965.0389097,/tf map->base_footprint,map,base_footprint,0.13471963498017003,-4.104472333112651,0.008731009891171137,1.5328689935134353e-05,0.0032771881560346968,3.141283879156902
549,1778587965.2388968,/tf map->base_footprint,map,base_footprint,0.08400593227755224,-4.104446807740659,0.00873095615009451,3.463049207035495e-06,0.0033452285274325694,3.1411223382074644
550,1778587965.4394813,/tf map->base_footprint,map,base_footprint,0.0379402087174918,-4.104422877095678,0.008717570416960066,-1.1230605851489292e-05,0.0034961618654699455,3.141059050274267
551,1778587965.638971,/tf map->base_footprint,map,base_footprint,-0.01228243427542636,-4.104396232425398,0.008730944321729706,-2.770229789135111e-05,0.0027179786676228236,3.141036524667833
552,1778587965.8390079,/tf map->base_footprint,map,base_footprint,-0.05879928987950383,-4.104370832816423,0.008730919816537017,-4.518232421971253e-05,0.002712135797228253,3.1410279029710626
553,1778587966.0389647,/tf map->base_footprint,map,base_footprint,-0.10903264729995421,-4.104343087286285,0.008730911106633522,-6.192898409999994e-05,0.002942552702738219,3.1410258389038876
554,1778587966.2389913,/tf map->base_footprint,map,base_footprint,-0.1611487645544143,-4.104313960509705,0.008724535195385798,-7.754690502297256e-05,0.00341511185093267,3.14102839864114
555,1778587966.4389539,/tf map->base_footprint,map,base_footprint,-0.20441722370624937,-4.104289767379719,0.00872605774813693,-8.957889491018644e-05,0.0033986701870986455,3.1410342490282908
556,1778587966.6389601,/tf map->base_footprint,map,base_footprint,-0.2560618575752486,-4.104260624325573,0.008731048226075757,-0.00010317430956792964,0.00315155588722313,3.141032310273385
557,1778587966.8391523,/tf map->base_footprint,map,base_footprint,-0.30306310789911023,-4.104233995120553,0.008706642330394204,-0.00011529308787440222,0.0036062826309752353,3.141027476170765
558,1778587967.039457,/tf map->base_footprint,map,base_footprint,-0.35026774103168257,-4.104207136519641,0.008731056348543138,-0.00012672430730194983,0.0029542921554561235,3.1410317319659753
559,1778587967.2389598,/tf map->base_footprint,map,base_footprint,-0.39819156494143615,-4.104180022031974,0.008730947393134552,-0.00013650612039269893,0.002394080975267632,3.141024629506134
560,1778587967.4390223,/tf map->base_footprint,map,base_footprint,-0.44400885675726803,-4.104153866040962,0.008731019849908804,-0.00014505892417988523,0.0026012740441023383,3.1410272258781418
561,1778587967.6389067,/tf map->base_footprint,map,base_footprint,-0.4956563748715644,-4.104124596370726,0.008730918669090858,-0.00015226379394391035,0.002783873521046274,3.1410265777548045
562,1778587967.8391705,/tf map->base_footprint,map,base_footprint,-0.5473094110291621,-4.104095177336733,0.008730836058907707,-0.00015854005712566914,0.0033576009224182183,3.141025869309642
563,1778587968.0390868,/tf map->base_footprint,map,base_footprint,-0.589654015189508,-4.104071008201802,0.008715708152104871,-0.0001632393057059928,0.003477553065853275,3.141021730299223
564,1778587968.2390583,/tf map->base_footprint,map,base_footprint,-0.6389731011209042,-4.104042807661349,0.008731014066236715,-0.00016871543962119733,0.003200034352629303,3.1410190556681257
565,1778587968.4391491,/tf map->base_footprint,map,base_footprint,-0.6852570170184668,-4.104016224933052,0.008726750331838352,-0.00017335624027631146,0.003403182209997973,3.1410243301525758
566,1778587968.6389768,/tf map->base_footprint,map,base_footprint,-0.7350429411384157,-4.10398780641352,0.008730999006258754,-0.00017742240495881658,0.003176506276175419,3.141019582467179
567,1778587968.8388438,/tf map->base_footprint,map,base_footprint,-0.7804022192131773,-4.103961697530209,0.008711397475853125,-0.00018087400179991688,0.0035386022345137076,3.1410198165644574
568,1778587969.0390165,/tf map->base_footprint,map,base_footprint,-0.8315727279633267,-4.103932465291316,0.00873096635952149,-0.00018411875160498988,0.0029449888275896023,3.1410178157536586
569,1778587969.239038,/tf map->base_footprint,map,base_footprint,-0.8822851882347821,-4.103903390291886,0.008731021147743457,-0.00018676383842250493,0.0028002253730361466,3.1410190936480697
570,1778587969.4402268,/tf map->base_footprint,map,base_footprint,-0.93393175039331,-4.103873945308836,0.008730951039412113,-0.00018871632528200976,0.003008648844258645,3.1410209352958995
571,1778587969.639102,/tf map->base_footprint,map,base_footprint,-0.9767434661087981,-4.103849456877155,0.008719092819674455,-0.00019009526700950653,0.003500041156878468,3.141019215296094
572,1778587969.8389807,/tf map->base_footprint,map,base_footprint,-1.0228081015622041,-4.103823091633511,0.008723658018229259,-0.00019210603982221786,0.0034056563119723026,3.1410188215221964
573,1778587970.0390646,/tf map->base_footprint,map,base_footprint,-1.0739602585550045,-4.103793796269104,0.00873090642432607,-0.00019417349402417315,0.0024221713498626418,3.1410193006295817
574,1778587970.2389662,/tf map->base_footprint,map,base_footprint,-1.1253465884242508,-4.1037644922487715,0.008730923933406862,-0.00019540178364276276,0.0018561072738050948,3.1410196462370927
575,1778587970.4389908,/tf map->base_footprint,map,base_footprint,-1.1765132804646536,-4.103735151891886,0.008730910197484665,-0.0001963288242276138,0.0017429879312509276,3.141019503846025
576,1778587970.638907,/tf map->base_footprint,map,base_footprint,-1.2267599606277784,-4.1037063837602945,0.00873072751805239,-0.00019692426689129779,0.0021572858532961305,3.141015798985374
577,1778587970.83893,/tf map->base_footprint,map,base_footprint,-1.2714313197233755,-4.10368047469439,0.008714177147804997,-0.00019741583561584135,0.00358358967012084,3.1410122386806143
578,1778587971.0393343,/tf map->base_footprint,map,base_footprint,-1.3118889288088558,-4.103657122745055,0.008727538155405596,-0.0001984101175580344,0.003367428285290424,3.141014338639057
579,1778587971.2390451,/tf map->base_footprint,map,base_footprint,-1.363522996770441,-4.103627295057181,0.008730876517352352,-0.00020013638977595295,0.0022725516053811253,3.1410142860965267
580,1778587971.439223,/tf map->base_footprint,map,base_footprint,-1.4146959660485008,-4.103597734997672,0.00873091416919974,-0.00020114233668854016,0.0016368316095960443,3.141015371360184
581,1778587971.6391551,/tf map->base_footprint,map,base_footprint,-1.4654078686333376,-4.103568470447155,0.008730915221592443,-0.00020160397126327078,0.001472936970814273,3.1410168476374296
582,1778587971.8388267,/tf map->base_footprint,map,base_footprint,-1.5124108368792109,-4.10354123458942,0.008730779768446325,-0.00020175113110961902,0.0021043534041875387,3.141014522798495
583,1778587972.0390036,/tf map->base_footprint,map,base_footprint,-1.5626503650512993,-4.103512290698437,0.008730818034655304,-0.00020171577830678248,0.003018708770842477,3.1410160267603993
584,1778587972.2390006,/tf map->base_footprint,map,base_footprint,-1.6138223618938936,-4.1034827195609145,0.008703181657340922,-0.00020186126322900935,0.003699659100438152,3.141016042230633
585,1778587972.438965,/tf map->base_footprint,map,base_footprint,-1.6654453212572953,-4.1034530188688105,0.008730964046445147,-0.00020288281034167702,0.002847279371009255,3.141017183464452
586,1778587972.6388214,/tf map->base_footprint,map,base_footprint,-1.7070619624067356,-4.103428949738247,0.008730996838986677,-0.00020341772199883236,0.002533896284578676,3.141020611317673
587,1778587972.8390477,/tf map->base_footprint,map,base_footprint,-1.75406222279412,-4.1034018338927325,0.008730757019185915,-0.00020360168970520585,0.0028794052410586212,3.1410156404224607
588,1778587973.0390909,/tf map->base_footprint,map,base_footprint,-1.8054635986093057,-4.10312911653089,0.008724168989239528,-0.00020792182589135554,0.0033980939238644815,3.1298780111868014
589,1778587973.2389731,/tf map->base_footprint,map,base_footprint,-1.856649858295026,-4.1021186092989,0.008718160634451579,-0.00024575860479586454,0.003452464245707839,3.1065382522028915
590,1778587973.439095,/tf map->base_footprint,map,base_footprint,-1.9088258691121653,-4.0989304416652175,0.008730974448604397,-0.0003448760333546251,0.0029258060033963127,3.051051346766618
591,1778587973.639173,/tf map->base_footprint,map,base_footprint,-1.9612901161740242,-4.092703145984776,0.008730968147843497,-0.0005972230708765672,0.002793412690972661,2.9972038034737687
592,1778587973.839034,/tf map->base_footprint,map,base_footprint,-2.012053017050927,-4.08364914491845,0.008730857791209131,-0.0009902048005241213,0.0031561724227496288,2.928083436994534
593,1778587974.0388086,/tf map->base_footprint,map,base_footprint,-2.0599215100825314,-4.071311216296003,0.008714466424270697,-0.0015439846259386076,0.0035519276435806817,2.8593086924033293
594,1778587974.2389219,/tf map->base_footprint,map,base_footprint,-2.1007035588994043,-4.058682506852568,0.008731067248335085,-0.0020193801123399857,0.0031349745352188116,2.819469578021835
595,1778587974.4389126,/tf map->base_footprint,map,base_footprint,-2.1488229559053234,-4.041749409476241,0.008731015554185612,-0.0025969004077132513,0.003011555271858523,2.79322795853965
596,1778587974.6389232,/tf map->base_footprint,map,base_footprint,-2.1972653936929096,-4.024041422804484,0.008724323847805122,-0.0030319505001300223,0.0033776308914390952,2.7897275377370527
597,1778587974.8389373,/tf map->base_footprint,map,base_footprint,-2.2448981103044523,-4.006369867090219,0.008716255072325724,-0.002962436996168379,0.0035237024692699828,2.7826653258052305
598,1778587975.0402892,/tf map->base_footprint,map,base_footprint,-2.292858939198286,-3.9885645813672395,0.008731094402535501,-0.0028157241777686873,0.0029493015890627882,2.7939268229241363
599,1778587975.2390149,/tf map->base_footprint,map,base_footprint,-2.339194721895606,-3.9726138587219686,0.008731043178817052,-0.0026206138553819995,0.003144775092137476,2.8222951943390826
600,1778587975.4390142,/tf map->base_footprint,map,base_footprint,-2.3869748072355654,-3.9573798557626505,0.008710264534167232,-0.002366386634690417,0.0035989308769028058,2.851267612441407
601,1778587975.6400645,/tf map->base_footprint,map,base_footprint,-2.4319990029682748,-3.9446935319596736,0.008731010641576758,-0.002036796795040918,0.0032161279356311147,2.883128623314984
602,1778587975.8393264,/tf map->base_footprint,map,base_footprint,-2.473319925272716,-3.9343468661015546,0.008731013415665454,-0.0017044705157966944,0.002602653752044603,2.909820092164275
603,1778587976.039136,/tf map->base_footprint,map,base_footprint,-2.523333529338088,-3.923388215014827,0.00873101573334446,-0.0012785012931052523,0.002245984910789323,2.942268994169135
604,1778587976.2390594,/tf map->base_footprint,map,base_footprint,-2.5741829798555234,-3.913956259062283,0.008730936688919052,-0.0007933544776830827,0.00226450261214546,2.972837868309707
605,1778587976.439053,/tf map->base_footprint,map,base_footprint,-2.6242578997927133,-3.9057097653584982,0.00873077265961677,-0.00031096648110095777,0.002803429586162504,2.981113284561878
606,1778587976.6390226,/tf map->base_footprint,map,base_footprint,-2.6692904167743436,-3.8987172263679506,0.008690068550786419,0.00010319378460664976,0.00384576755102033,2.9928868150061234
607,1778587976.8390799,/tf map->base_footprint,map,base_footprint,-2.718439816295347,-3.8917168984864623,0.008731095591616271,0.0003859974766225733,0.002545004153508381,3.012777878799055
608,1778587977.0389643,/tf map->base_footprint,map,base_footprint,-2.765299683410772,-3.8864289603560307,0.008730880180039754,0.0006401143417264908,0.0017446256676827666,3.04248099535222
609,1778587977.239103,/tf map->base_footprint,map,base_footprint,-2.805264055805572,-3.8825924021100153,0.008730817469932935,0.0008655608273872189,0.0014063086767189346,3.047960396369381
610,1778587977.440937,/tf map->base_footprint,map,base_footprint,-2.8558329693341866,-3.878191705582977,0.008730859946492064,0.0011045931428520254,0.001175247848418753,3.0598072694100695
611,1778587977.640014,/tf map->base_footprint,map,base_footprint,-2.906425651944812,-3.874343392904834,0.008730827335521942,0.0013136838183054605,0.0013551131248491699,3.071086547594832
612,1778587977.8396528,/tf map->base_footprint,map,base_footprint,-2.9570601067325137,-3.871047751799833,0.008730739070572544,0.0014920381424003866,0.0019702801719698585,3.0820536458357597
613,1778587978.0390756,/tf map->base_footprint,map,base_footprint,-3.004023014756579,-3.868491979629702,0.008726654619267804,0.0016502378574235505,0.0033725795502693983,3.092843893322446
614,1778587978.2390554,/tf map->base_footprint,map,base_footprint,-3.052605538101824,-3.8663863807162957,0.008728633902435012,0.0017644414232396587,0.0033416147752879932,3.1036088504011388
615,1778587978.4389677,/tf map->base_footprint,map,base_footprint,-3.100538707669745,-3.864812017945339,0.008730879304208397,0.0018488886561712871,0.002524342608205677,3.1140091916450245
616,1778587978.6392608,/tf map->base_footprint,map,base_footprint,-3.148036271147523,-3.8634704873868877,0.00873083833148764,0.0019225439591363678,0.002340406694910413,3.112694087617582
617,1778587978.8388958,/tf map->base_footprint,map,base_footprint,-3.19055145803666,-3.8624848652694643,0.008730849232617343,0.0019528187330304881,0.002303321885398143,3.1248634569958607
618,1778587979.038915,/tf map->base_footprint,map,base_footprint,-3.2411458517435725,-3.8616895923033248,0.00873083119033173,0.001990084833929522,0.002691085754904958,3.1249252290128875
619,1778587979.2389922,/tf map->base_footprint,map,base_footprint,-3.291861163853346,-3.8608866790896585,0.008716116372695296,0.001996961765350569,0.003492809964290001,3.1254309780872718
620,1778587979.4391682,/tf map->base_footprint,map,base_footprint,-3.3423337041286274,-3.8600808929176758,0.008729842695775083,0.001966570138298023,0.003367385754161456,3.125176381135622
621,1778587979.6389885,/tf map->base_footprint,map,base_footprint,-3.3930816600311067,-3.85881515920515,0.008730877968397107,0.0019093450509971798,0.002942434301538069,3.105894935257013
622,1778587979.8389413,/tf map->base_footprint,map,base_footprint,-3.444570911472877,-3.856196201542001,0.008730852181002833,0.0017838142561182066,0.0029682413457324075,3.0731835536041716
623,1778587980.0390167,/tf map->base_footprint,map,base_footprint,-3.496546346454357,-3.851736992740877,0.008726723503275677,0.0015423905354057896,0.00337915659531166,3.033334089835164
624,1778587980.238965,/tf map->base_footprint,map,base_footprint,-3.5400241935951873,-3.8458146518877836,0.008719291807738054,0.0012527979866197598,0.0034612719361139725,2.9761181959730876
625,1778587980.4392262,/tf map->base_footprint,map,base_footprint,-3.591642908096631,-3.8354383128370846,0.008731007329646441,0.0007120866252004999,0.0032197315144279304,2.9121680916036734
626,1778587980.639013,/tf map->base_footprint,map,base_footprint,-3.636714734414364,-3.823994853679703,0.008709288216659167,3.6294962714956956e-05,0.003594987935908491,2.8779116154376614
627,1778587980.8390913,/tf map->base_footprint,map,base_footprint,-3.6761987146277817,-3.812727538120365,0.00873105750639584,-0.0005717182163721877,0.0033013490822543885,2.842120501797473
628,1778587981.0390213,/tf map->base_footprint,map,base_footprint,-3.7112112430954305,-3.801584687614515,0.008712789698027561,-0.0011396378852753166,0.0035259731000913007,2.818522793884152
629,1778587981.239055,/tf map->base_footprint,map,base_footprint,-3.7426189250637893,-3.7909006881808227,0.008729308574986118,-0.0015824271849568339,0.003372874772301812,2.7926114001637923
630,1778587981.4390907,/tf map->base_footprint,map,base_footprint,-3.769606596890963,-3.7805884691458647,0.008715690571163982,-0.0019960267100839076,0.0034723645119505496,2.7650645182129785
631,1778587981.6389658,/tf map->base_footprint,map,base_footprint,-3.792401824394949,-3.771083966539272,0.008723563093007869,-0.0023521580802088253,0.0034343262369587665,2.7308504891892307
632,1778587981.8390913,/tf map->base_footprint,map,base_footprint,-3.8052322471106765,-3.765192123350719,0.008717996661409351,-0.0025561639435412835,0.0034492573803641103,2.6875540795916666
633,1778587982.0390491,/tf map->base_footprint,map,base_footprint,-3.818681886805053,-3.758307593739013,0.008717391528064392,-0.0027030792504850144,0.0034477109986737467,2.643621909486007
634,1778587982.2389846,/tf map->base_footprint,map,base_footprint,-3.830479352329758,-3.7515412268400046,0.008728010155024033,-0.002792441864966676,0.0033778216020225707,2.592716526574285
635,1778587982.4389985,/tf map->base_footprint,map,base_footprint,-3.8397292717589377,-3.745580575946694,0.0087207926897843,-0.0028786440579374396,0.003409695128914141,2.5584701631128164
636,1778587982.6389587,/tf map->base_footprint,map,base_footprint,-3.848261174048476,-3.7397972569642812,0.00871894693354554,-0.0029237950964991362,0.0034701980887106867,2.5279067456118387
637,1778587982.8390334,/tf map->base_footprint,map,base_footprint,-3.8558959454117323,-3.7343355649280126,0.008728219191274556,-0.0029302384023085527,0.0033795977530609467,2.5139067106205357
638,1778587983.0390959,/tf map->base_footprint,map,base_footprint,-3.8625516585131936,-3.729320930195548,0.00872444384747399,-0.002819128017362459,0.0034028339887868563,2.4810654761533426
639,1778587983.2394173,/tf map->base_footprint,map,base_footprint,-3.8665689007842476,-3.726197383187898,0.008718416240763322,-0.0027406495727566567,0.0034509295598881746,2.4600238328498514
640,1778587983.438906,/tf map->base_footprint,map,base_footprint,-3.8706192416529945,-3.722928390460729,0.00872520710650307,-0.0026786251221556307,0.0033691132813428865,2.45808867549261
641,1778587983.6389205,/tf map->base_footprint,map,base_footprint,-3.87556935113732,-3.7188763481086036,0.008724428172210768,-0.002645724370354509,0.0034287008150583986,2.4687994803045332
642,1778587983.8389885,/tf map->base_footprint,map,base_footprint,-3.8799256489714375,-3.715393292025327,0.00872486808432172,-0.002579449419873224,0.003373498316540626,2.4684699668803964
643,1778587984.038917,/tf map->base_footprint,map,base_footprint,-3.8835632406976353,-3.7124889568873765,0.008722795538862925,-0.0024842062134714966,0.0034424114042957005,2.468277635629796
644,1778587984.2389596,/tf map->base_footprint,map,base_footprint,-3.8855669961716153,-3.7109382192295928,0.008730241578812949,-0.002360606506922223,0.0033684661635142764,2.470628429444229
645,1778587984.4391701,/tf map->base_footprint,map,base_footprint,-3.8876304101688826,-3.709348367626308,0.008723643365102287,-0.00225077203548338,0.003389546922378516,2.503882617539592
646,1778587984.6391053,/tf map->base_footprint,map,base_footprint,-3.8925411655934563,-3.7059049972479197,0.008731062113305675,-0.002165215863014316,0.0032501482414035534,2.5413317896189502
647,1778587984.83922,/tf map->base_footprint,map,base_footprint,-3.8953103546903853,-3.7039441171948844,0.008715659725372511,-0.0020635996142037987,0.0034867474203425625,2.554571590082717
648,1778587985.039309,/tf map->base_footprint,map,base_footprint,-3.8976189862790447,-3.7024053678318247,0.00873110042468464,-0.0018886945849390178,0.003312828327446185,2.553644239064469
649,1778587985.239257,/tf map->base_footprint,map,base_footprint,-3.903802296289437,-3.6982747409346657,0.008731119666253643,-0.0016996220201266363,0.003102014657786881,2.5531227569402564
650,1778587985.4390264,/tf map->base_footprint,map,base_footprint,-3.904028139726297,-3.6981219275223376,0.00871106955970242,-0.0015269802562535863,0.0036183020224561783,2.5622973576260697
651,1778587985.6389232,/tf map->base_footprint,map,base_footprint,-3.9040383962569813,-3.698112795500913,0.00873105666429445,-0.0013828486938798294,0.0031681953833669328,2.5723864596864336
652,1778587985.8389664,/tf map->base_footprint,map,base_footprint,-3.9040533160639344,-3.698100937108273,0.00873099646004102,-0.0012653105862441981,0.0031955980321599995,2.582909665813743
653,1778587986.0396447,/tf map->base_footprint,map,base_footprint,-3.9040711195358737,-3.698087538657854,0.008717816274340784,-0.001159311428439907,0.0035125715743845034,2.5936063485542262
654,1778587986.2388556,/tf map->base_footprint,map,base_footprint,-3.9040843641734666,-3.698077521633249,0.008731089621800215,-0.0010644008078856265,0.0032511874313090874,2.604348641807484
655,1778587986.4391685,/tf map->base_footprint,map,base_footprint,-3.904098277003089,-3.6980676809791704,0.008731003266101265,-0.0009939074126820795,0.003356480791596298,2.6133150216779435
656,1778587986.6388774,/tf map->base_footprint,map,base_footprint,-3.9041143883956844,-3.698056461074925,0.00872181714856632,-0.0009147940787840953,0.0033877787279469923,2.6240657369742153
657,1778587986.839015,/tf map->base_footprint,map,base_footprint,-3.904130093624266,-3.6980458973918466,0.008728222842147063,-0.0008444946629898578,0.0033816676568470027,2.634806605618791
658,1778587987.0390596,/tf map->base_footprint,map,base_footprint,-3.9041459297901477,-3.698035538221429,0.008729907644936334,-0.000780218350076904,0.0033662338085879645,2.645544027928035
659,1778587987.2389822,/tf map->base_footprint,map,base_footprint,-3.9041622668198475,-3.698025236526346,0.008722648985471025,-0.0007223722820741497,0.0033934207445345905,2.656280524517383
660,1778587987.4389365,/tf map->base_footprint,map,base_footprint,-3.9051328444608755,-3.697290572010264,0.008731040133242858,-0.0006750762602862506,0.003264854493729575,2.664561912191423
661,1778587987.6389356,/tf map->base_footprint,map,base_footprint,-3.905500272728415,-3.696423873558855,0.008719479344672357,-0.0006064578261235264,0.0034721310927484524,2.6533683786410975
662,1778587987.839053,/tf map->base_footprint,map,base_footprint,-3.905554759812317,-3.6964397944237386,0.008731047560065956,-0.0005511871661697412,0.0033137675861839547,2.670458065352885
663,1778587988.038809,/tf map->base_footprint,map,base_footprint,-3.905560745602216,-3.696430130433337,0.008731038863300665,-0.0005048296065575337,0.003316560673709411,2.676076516261841
664,1778587988.2388809,/tf map->base_footprint,map,base_footprint,-3.905580610325467,-3.6964215009455064,0.008725881267196858,-0.0004541841553677018,0.0034153540574178693,2.687588319154162
665,1778587988.4391124,/tf map->base_footprint,map,base_footprint,-3.905597904642309,-3.696412788931377,0.008729377118841673,-0.00040479054313050046,0.0033792143785655133,2.69866820410091
666,1778587988.6389527,/tf map->base_footprint,map,base_footprint,-3.9056148678009004,-3.6964034641759405,0.008726062766855109,-0.00035847094705440566,0.0033685277222374643,2.7094681717304234
667,1778587988.8388302,/tf map->base_footprint,map,base_footprint,-3.905631851878776,-3.6963943399055967,0.008727212915822248,-0.00031743890144803034,0.0033875345419558537,2.7201742717089927
668,1778587989.0389555,/tf map->base_footprint,map,base_footprint,-3.9088851292009617,-3.6949599367163954,0.008731012393660427,-0.00029501258097777044,0.003162964710105365,2.7392533969222117
669,1778587989.239077,/tf map->base_footprint,map,base_footprint,-3.9133746868859887,-3.6928497102239373,0.00873097305416902,-0.00029101547545512903,0.003176880586563117,2.751904112748211
670,1778587989.4392366,/tf map->base_footprint,map,base_footprint,-3.917093581440736,-3.6914297491318835,0.008718669565687101,-0.00024315481448096375,0.003498799619256384,2.747273476969418
671,1778587989.6391504,/tf map->base_footprint,map,base_footprint,-3.9172443690244205,-3.691412580119348,0.008729918305799299,-0.00022524042381506516,0.003318445206072864,2.7626304416640286
672,1778587989.8389318,/tf map->base_footprint,map,base_footprint,-3.9172189991918427,-3.691406187191512,0.008730968383972379,-0.0002153257399885913,0.0030334654098856323,2.7723737556730237
673,1778587990.0390017,/tf map->base_footprint,map,base_footprint,-3.917236767370369,-3.6913981210967575,0.008730961119403594,-0.00021195564046801418,0.003289446689916709,2.782647550347909
674,1778587990.2389383,/tf map->base_footprint,map,base_footprint,-3.917518683349101,-3.6910679643086697,0.008726590421683316,-0.0002117638874695455,0.0033980721730247775,2.7904954908519297
675,1778587990.4389791,/tf map->base_footprint,map,base_footprint,-3.9182641817256285,-3.6884625382460166,0.008731040287807749,-0.00023857325708064053,0.003096325655015074,2.7663029762186735
676,1778587990.638904,/tf map->base_footprint,map,base_footprint,-3.9209763845451246,-3.6852497496029155,0.008730958074844121,-0.00018991332891298576,0.003176221883644063,2.701746275583388
677,1778587990.8390796,/tf map->base_footprint,map,base_footprint,-3.925278877986273,-3.6827123338141874,0.008718094620942342,-2.070919913734562e-05,0.0034840606091748757,2.60453528528277
678,1778587991.0390842,/tf map->base_footprint,map,base_footprint,-3.9265225315674677,-3.6813545730869466,0.008721288181349667,7.861017968342754e-05,0.00340614759575998,2.5439755788187197
679,1778587991.2389755,/tf map->base_footprint,map,base_footprint,-3.926760365918315,-3.681260321193625,0.008730978340773495,0.00014630935478446769,0.0033496891600411716,2.5111777804749633
680,1778587991.4390109,/tf map->base_footprint,map,base_footprint,-3.9267108027544926,-3.681295807273155,0.008727322715725547,0.00015933097701685377,0.0034001944298871828,2.4774958631370017
681,1778587991.6389763,/tf map->base_footprint,map,base_footprint,-3.9266680215900642,-3.681333534401942,0.008722099412096831,0.00014641862076824022,0.0033935338261184005,2.44539367105072
682,1778587991.8389494,/tf map->base_footprint,map,base_footprint,-3.926684907460696,-3.681342260885176,0.008730510129098042,8.914612920143364e-05,0.003369962574509877,2.435456833756572
683,1778587992.0392182,/tf map->base_footprint,map,base_footprint,-3.926651911686902,-3.6813554309697913,0.00872499802266527,7.244222707528509e-06,0.0033808402320911054,2.4231571912682655
684,1778587992.2389543,/tf map->base_footprint,map,base_footprint,-3.9266382928500434,-3.6813693967691123,0.008723111579259337,-7.571313205553801e-05,0.0033803781293689837,2.412253379528787
685,1778587992.4391828,/tf map->base_footprint,map,base_footprint,-3.926627200139364,-3.6813807901173212,0.008728405221633437,-0.00013670421196253495,0.003378306218606022,2.4032976985870502
686,1778587992.6389499,/tf map->base_footprint,map,base_footprint,-3.9266144002392416,-3.6813943578436246,0.008727784858547832,-0.00019597306661304912,0.003377642674212795,2.3927042205055042
687,1778587992.838948,/tf map->base_footprint,map,base_footprint,-3.926601556207822,-3.68140811083453,0.008727737077416834,-0.00023923106340239985,0.003381339719165893,2.3820279778276197
688,1778587993.038876,/tf map->base_footprint,map,base_footprint,-3.926588649285426,-3.6814220499997354,0.00872623997259308,-0.0002683848619392251,0.0033785735147812074,2.371314226953046
689,1778587993.2389421,/tf map->base_footprint,map,base_footprint,-3.9265758106421944,-3.681436016906071,0.008727340354454058,-0.0002860200530983913,0.0033806584586743385,2.3605859798747266
690,1778587993.4390218,/tf map->base_footprint,map,base_footprint,-3.92656298639506,-3.6814500582876137,0.008726352196556948,-0.00029514777914559933,0.003379342922563176,2.3498535003975367
691,1778587993.6390505,/tf map->base_footprint,map,base_footprint,-3.9265503439965475,-3.6814642855723516,0.008728116698672872,-0.0002982071673398143,0.0033763515107218278,2.339120697309593
692,1778587993.8389447,/tf map->base_footprint,map,base_footprint,-3.9265378605556465,-3.6814785151914546,0.008724963681464895,-0.00029727156689493013,0.003382716873621212,2.328388624530965
693,1778587994.0389688,/tf map->base_footprint,map,base_footprint,-3.9265274788153115,-3.6814905883056728,0.008724821810117717,-0.0002943881328700756,0.0033740516279413303,2.31944541082533
694,1778587994.23909,/tf map->base_footprint,map,base_footprint,-3.9265152299521877,-3.6815050153488698,0.008729136276044722,-0.0002891804954503804,0.0033814971689185435,2.3087143774836174
695,1778587994.4389865,/tf map->base_footprint,map,base_footprint,-3.9265030930020908,-3.6815196351761856,0.008726175773841641,-0.00028284438673705187,0.003381088363714626,2.2979834086849467
696,1778587994.638936,/tf map->base_footprint,map,base_footprint,-3.9264911185562044,-3.681534423765021,0.008728894662922624,-0.0002761053861263255,0.0033797531452115525,2.2872527668167932
697,1778587994.8392224,/tf map->base_footprint,map,base_footprint,-3.9264793013012618,-3.6815492922749966,0.008726487580588978,-0.0002692846894463687,0.0033789667095161235,2.2765220119559606
698,1778587995.0389788,/tf map->base_footprint,map,base_footprint,-3.926483714346674,-3.6815758399126124,0.008729166442645469,-0.00028167807739885886,0.003381110728595204,2.2811873872278134
699,1778587995.2389002,/tf map->base_footprint,map,base_footprint,-3.926494614255398,-3.68156098949199,0.008728693264550294,-0.0003250867806930928,0.0033767624907958013,2.2916799600151876
700,1778587995.4389353,/tf map->base_footprint,map,base_footprint,-3.926507720691298,-3.681545460776525,0.008729536424354686,-0.00037077409351373255,0.003378132804622068,2.3030574592529467
701,1778587995.6389453,/tf map->base_footprint,map,base_footprint,-3.927089242744962,-3.6809134998407553,0.008731010671888372,-0.0004021120166596032,0.0033167793414754306,2.3120346388606436
702,1778587995.8391578,/tf map->base_footprint,map,base_footprint,-3.929195372438099,-3.679450480600175,0.00872291831950324,-0.0004152872281077597,0.0033819596874080553,2.3312557511469705
703,1778587996.0392337,/tf map->base_footprint,map,base_footprint,-3.931423869871746,-3.679636833400075,0.00873097268355513,-0.00043738760782888344,0.003336045172674519,2.395628668754876
704,1778587996.239301,/tf map->base_footprint,map,base_footprint,-3.935071628872104,-3.679224041696275,0.008731025773910507,-0.0004832553570012768,0.003314821303884595,2.458646496691462
705,1778587996.4389117,/tf map->base_footprint,map,base_footprint,-3.937578718479402,-3.6778828857618358,0.008726237647024966,-0.0004996741754341203,0.003412771548234941,2.476345049438702
706,1778587996.6388764,/tf map->base_footprint,map,base_footprint,-3.939778672019245,-3.676164946751755,0.008730991473538443,-0.00046233070605236344,0.0033613745587947855,2.471716851364876
707,1778587996.8388708,/tf map->base_footprint,map,base_footprint,-3.9419860293653493,-3.674428709553114,0.008723988454666256,-0.00042614930314118654,0.0033755910524119405,2.481169695676191
708,1778587997.0391393,/tf map->base_footprint,map,base_footprint,-3.944028194139379,-3.6720348597138064,0.008722897600833706,-0.0004061941264811558,0.0033863493669089263,2.479664695837137
709,1778587997.239045,/tf map->base_footprint,map,base_footprint,-3.9443615848382905,-3.6686137960975604,0.008725626549411853,-0.0004107210449489635,0.003375785716207782,2.444987804293143
710,1778587997.4388864,/tf map->base_footprint,map,base_footprint,-3.9451723861222594,-3.6675716665656237,0.008721827634338188,-0.0002279725034104723,0.0034405109407816188,2.373409788724359
711,1778587997.6389267,/tf map->base_footprint,map,base_footprint,-3.9451030238026257,-3.6676793457000088,0.008731012335441001,6.823732317249745e-07,0.0033548272458246596,2.2976587784203635
712,1778587997.8391073,/tf map->base_footprint,map,base_footprint,-3.945025341746091,-3.667785453807502,0.008722516658652958,0.00020296726401938052,0.0033954482497533882,2.221840460832381
713,1778587998.0390887,/tf map->base_footprint,map,base_footprint,-3.944974598414064,-3.667845764977624,0.008724533491100197,0.0003082795492855706,0.003380889258261006,2.1677298103293894
714,1778587998.2391253,/tf map->base_footprint,map,base_footprint,-3.9449243073786096,-3.6679287697081673,0.00873046090611313,0.00034561883696977876,0.0033719561619496036,2.1125671244086583
715,1778587998.439015,/tf map->base_footprint,map,base_footprint,-3.9448807803264905,-3.668014036913837,0.008729327290161343,0.0003397432755788364,0.003383392461843951,2.0588677245566016
716,1778587998.6392133,/tf map->base_footprint,map,base_footprint,-3.944853083086192,-3.6680895078345475,0.008727825584250363,0.0002886874084996627,0.0033756371366536883,2.021616092253039
717,1778587998.8391175,/tf map->base_footprint,map,base_footprint,-3.9448319095103286,-3.6681407989602595,0.008726330188960537,0.00021460829268311356,0.0033815830782844207,1.99447102147401
718,1778587999.0390804,/tf map->base_footprint,map,base_footprint,-3.944812863171753,-3.6681915651468766,0.008729551445306957,0.00012023257313958364,0.003381201606376921,1.9629984256377004
719,1778587999.23915,/tf map->base_footprint,map,base_footprint,-3.9447951647410546,-3.6682455609113385,0.008727117942364516,3.174252337913792e-05,0.0033744869565414887,1.9309944387831546
720,1778587999.4389212,/tf map->base_footprint,map,base_footprint,-3.944779014809226,-3.668300405391964,0.008724116825269641,-4.421176105749509e-05,0.0033756514779530915,1.8988131223851201
721,1778587999.639371,/tf map->base_footprint,map,base_footprint,-3.9447762141780465,-3.668409447033024,0.008725948855711117,-0.00010673357303423486,0.003383936946464223,1.8688311828638566
722,1778587999.8389792,/tf map->base_footprint,map,base_footprint,-3.9447615485046157,-3.668485672814753,0.008725747185242789,-0.00019158305604911787,0.0033761546359327467,1.8625029472001098
723,1778588000.0388901,/tf map->base_footprint,map,base_footprint,-3.9447559986142133,-3.668492004768028,0.008725929826751903,-0.0002774741091244811,0.0033780116619543557,1.850374508689769
724,1778588000.239024,/tf map->base_footprint,map,base_footprint,-3.944752300003586,-3.668509634702835,0.008729527528820686,-0.00034073250521051606,0.003377109663735264,1.8406551264245337
725,1778588000.4388795,/tf map->base_footprint,map,base_footprint,-3.947070701200147,-3.6604588480128637,0.008731611355146126,-0.0004024189274975795,0.00265190838661145,1.8335732663202107
726,1778588000.6390588,/tf map->base_footprint,map,base_footprint,-3.957948091553879,-3.6183459661288553,0.00873315068108358,-0.0003140761887166188,-0.0006499491767062653,1.8048398035468696
727,1778588000.8388846,/tf map->base_footprint,map,base_footprint,-3.969493966854275,-3.568698206156492,0.00873316354156681,-0.00013540710504709379,-0.004215788221724124,1.7967911017682416
728,1778588001.039343,/tf map->base_footprint,map,base_footprint,-3.9810974127031917,-3.5191016066117395,0.008733128680257636,2.0090991255472083e-05,-0.007476330924420824,1.7982796608543028
729,1778588001.238998,/tf map->base_footprint,map,base_footprint,-3.9923149926680295,-3.4692265469187777,0.008765786556578182,0.00016083778400383594,-0.01027464748274015,1.7868687726864814
730,1778588001.4389584,/tf map->base_footprint,map,base_footprint,-4.003106864429292,-3.4191734963423785,0.00877775707290197,0.000419215473934835,-0.010943767295992118,1.7740757667048934
731,1778588001.638949,/tf map->base_footprint,map,base_footprint,-4.012933721242698,-3.3687127540325177,0.008739327077206704,0.0005816219387719513,-0.009107947433586701,1.748318248706841
732,1778588001.8389847,/tf map->base_footprint,map,base_footprint,-4.020076527019316,-3.3265390723883597,0.008730790296440284,0.0004284069019650174,-0.006791956610915089,1.728225319978029
733,1778588002.0389977,/tf map->base_footprint,map,base_footprint,-4.027220378455764,-3.2763860150891277,0.00873037333854982,4.36897566967351e-05,-0.00385945898138254,1.6953528996541545
734,1778588002.2388504,/tf map->base_footprint,map,base_footprint,-4.0327465352419045,-3.226006947571431,0.008730174508925197,-0.000505858138653218,-0.0008394850409315728,1.6633878413765442
735,1778588002.4390504,/tf map->base_footprint,map,base_footprint,-4.036738914185716,-3.176631423436093,0.008730152260863912,-0.0011281002311638497,0.0023280071906792332,1.6410576056475763
736,1778588002.6389327,/tf map->base_footprint,map,base_footprint,-4.0402581984296635,-3.125708082938395,0.008689270579110514,-0.0016689229695055845,0.004620579769550825,1.6410761770267122
737,1778588002.8389814,/tf map->base_footprint,map,base_footprint,-4.0436358408264,-3.0742093031769695,0.008731767912467122,-0.001934443287719644,0.0029846661333327398,1.6290069022420322
738,1778588003.0390308,/tf map->base_footprint,map,base_footprint,-4.046494980820875,-3.0232755080896694,0.008732079429136116,-0.002154510789922282,0.0004327717893899837,1.6256165400351696
739,1778588003.2389615,/tf map->base_footprint,map,base_footprint,-4.048807280701093,-2.980106227180569,0.008731887515559209,-0.0022975168941564306,-0.001515315787938778,1.6222794010709907
740,1778588003.438984,/tf map->base_footprint,map,base_footprint,-4.051301376734314,-2.9285972376730394,0.008731706393878276,-0.0023941551391876755,-0.003543934112010033,1.612134626776822
741,1778588003.6390026,/tf map->base_footprint,map,base_footprint,-4.053247475259133,-2.8782320485146267,0.00873165852165728,-0.002438304044024475,-0.0052125568938707284,1.6084033370785034
742,1778588003.838971,/tf map->base_footprint,map,base_footprint,-4.055710030665965,-2.8263414945506664,0.008731401115581919,-0.0024816322389828237,-0.00657717997978375,1.6318491236148662
743,1778588004.0390594,/tf map->base_footprint,map,base_footprint,-4.059311672883612,-2.774881793102738,0.008731598001437623,-0.0024534250743500517,-0.007584534545251462,1.646872433337159
744,1778588004.239013,/tf map->base_footprint,map,base_footprint,-4.063468857514476,-2.723259994941164,0.008731732580505464,-0.002346984413034787,-0.008345455807477267,1.6542667153582364
745,1778588004.4389305,/tf map->base_footprint,map,base_footprint,-4.067842866315574,-2.6752152852373055,0.008731746520790977,-0.002217224559732827,-0.008455638522240915,1.6719218558370155
746,1778588004.6388526,/tf map->base_footprint,map,base_footprint,-4.071354930462104,-2.6411458862820596,0.00873145323915546,-0.002043864819480643,-0.0076749418906642535,1.674139208403764
747,1778588004.8389919,/tf map->base_footprint,map,base_footprint,-4.075050498761725,-2.605476803621168,0.008730997343614552,-0.0018086720843399655,-0.005692216990788057,1.6740779956415777
748,1778588005.038933,/tf map->base_footprint,map,base_footprint,-4.078308253363114,-2.5739695549919928,0.008730186988524919,-0.0015815176307002344,-0.002623619494635377,1.673901694196644
749,1778588005.239078,/tf map->base_footprint,map,base_footprint,-4.081219584126071,-2.5461459923348753,0.00872939275929661,-0.0013777231667757163,0.0014666136624114094,1.6765425433323278
750,1778588005.4388506,/tf map->base_footprint,map,base_footprint,-4.083911801223092,-2.5208801230659788,0.008689351489303594,-0.001200795818551639,0.005521097141390023,1.675064582065398
751,1778588005.6390395,/tf map->base_footprint,map,base_footprint,-4.084280596942884,-2.5173093337582713,0.00868962658948785,-0.0010719166240443904,0.007369956989436025,1.6747966528471832
